year,Dem_candidate,Dem_votes,totalvotes,Rep_candidate,Rep_votes,Third_party_votes,state,Median income,Standard error,Population
1984,"MONDALE, WALTER",551899.0,1441713.0,"REAGAN, RONALD",872849.0,16965.0,Alabama,41190.0,1440.0,3893888.0
1984,"MONDALE, WALTER",62007.0,207605.0,"REAGAN, RONALD",138377.0,7221.0,Alaska,76992.0,3505.0,401851.0
1984,"MONDALE, WALTER",333854.0,1025897.0,"REAGAN, RONALD",681416.0,10627.0,Arizona,50981.0,1449.0,2718215.0
1984,"MONDALE, WALTER",338646.0,884406.0,"REAGAN, RONALD",534774.0,10986.0,Arkansas,37297.0,1780.0,2286435.0
1984,"MONDALE, WALTER",3922519.0,9505041.0,"REAGAN, RONALD",5467009.0,115513.0,California,60171.0,866.0,23667902.0
1984,"MONDALE, WALTER",454975.0,1295380.0,"REAGAN, RONALD",821817.0,18588.0,Colorado,61394.0,1916.0,2889964.0
1984,"MONDALE, WALTER",569597.0,1466900.0,"REAGAN, RONALD",890877.0,6426.0,Connecticut,71269.0,2946.0,3107576.0
1984,"MONDALE, WALTER",101656.0,254572.0,"REAGAN, RONALD",152190.0,726.0,Delaware,61437.0,2444.0,594338.0
1984,"MONDALE, WALTER",1448816.0,4180051.0,"REAGAN, RONALD",2730350.0,885.0,Florida,47079.0,1114.0,9746324.0
1984,"MONDALE, WALTER",706628.0,1776103.0,"REAGAN, RONALD",1068722.0,753.0,Georgia,47552.0,1939.0,5463105.0
1984,"MONDALE, WALTER",147154.0,335846.0,"REAGAN, RONALD",185050.0,3642.0,Hawaii,68714.0,2894.0,964691.0
1984,"MONDALE, WALTER",108510.0,411144.0,"REAGAN, RONALD",297523.0,5111.0,Idaho,50189.0,2291.0,943935.0
1984,"MONDALE, WALTER",2086499.0,4819088.0,"REAGAN, RONALD",2707103.0,25486.0,Illinois,56518.0,1349.0,11426518.0
1984,"MONDALE, WALTER",841481.0,2233069.0,"REAGAN, RONALD",1377230.0,14358.0,Indiana,54182.0,1689.0,5490224.0
1984,"MONDALE, WALTER",605620.0,1319805.0,"REAGAN, RONALD",703088.0,11097.0,Iowa,47265.0,1773.0,2913808.0
1984,"MONDALE, WALTER",333149.0,1021991.0,"REAGAN, RONALD",677296.0,11546.0,Kansas,58605.0,2170.0,2363679.0
1984,"MONDALE, WALTER",539539.0,1369345.0,"REAGAN, RONALD",821702.0,8104.0,Kentucky,42070.0,2568.0,3660777.0
1984,"MONDALE, WALTER",651586.0,1706822.0,"REAGAN, RONALD",1037299.0,17937.0,Louisiana,45090.0,2094.0,4205900.0
1984,"MONDALE, WALTER",214515.0,553144.0,"REAGAN, RONALD",336500.0,2129.0,Maine,49132.0,2104.0,1124660.0
1984,"MONDALE, WALTER",787935.0,1675873.0,"REAGAN, RONALD",879918.0,8020.0,Maryland,70691.0,2739.0,4216975.0
1984,"MONDALE, WALTER",1239606.0,2559383.0,"REAGAN, RONALD",1310936.0,8841.0,Massachusetts,64150.0,1649.0,5737037.0
1984,"MONDALE, WALTER",1529638.0,3801658.0,"REAGAN, RONALD",2251571.0,20449.0,Michigan,54646.0,1511.0,9262078.0
1984,"MONDALE, WALTER",1036364.0,2084449.0,"REAGAN, RONALD",1032603.0,15482.0,Minnesota,58146.0,2175.0,4075970.0
1984,"MONDALE, WALTER",352192.0,941104.0,"REAGAN, RONALD",582377.0,6535.0,Mississippi,36716.0,1742.0,2520638.0
1984,"MONDALE, WALTER",146742.0,384377.0,"REAGAN, RONALD",232450.0,5185.0,Montana,46486.0,1713.0,786690.0
1984,"MONDALE, WALTER",187866.0,652090.0,"REAGAN, RONALD",460054.0,4170.0,Nebraska,50915.0,1820.0,1569825.0
1984,"MONDALE, WALTER",91655.0,282717.0,"REAGAN, RONALD",188770.0,2292.0,Nevada,61335.0,2422.0,800493.0
1984,"MONDALE, WALTER",120347.0,388904.0,"REAGAN, RONALD",267050.0,1507.0,New Hampshire,61663.0,1749.0,920610.0
1984,"MONDALE, WALTER",1261323.0,3217862.0,"REAGAN, RONALD",1933630.0,22909.0,New Jersey,66094.0,1904.0,7364823.0
1984,"MONDALE, WALTER",201769.0,514370.0,"REAGAN, RONALD",307101.0,5500.0,New Mexico,49090.0,2449.0,1302894.0
1984,"MONDALE, WALTER",3001285.0,6806810.0,"REAGAN, RONALD",3376519.0,429006.0,New York,52414.0,992.0,17558072.0
1984,"MONDALE, WALTER",824287.0,2175361.0,"REAGAN, RONALD",1346481.0,4593.0,North Carolina,48944.0,1525.0,5881766.0
1984,"MONDALE, WALTER",104429.0,308971.0,"REAGAN, RONALD",200336.0,4206.0,North Dakota,49425.0,2470.0,652717.0
1984,"MONDALE, WALTER",1825440.0,4563235.0,"REAGAN, RONALD",2678559.0,59236.0,Ohio,55022.0,1171.0,10797630.0
1984,"MONDALE, WALTER",385080.0,1255676.0,"REAGAN, RONALD",861530.0,9066.0,Oklahoma,50322.0,1708.0,3025290.0
1984,"MONDALE, WALTER",536479.0,1226527.0,"REAGAN, RONALD",685700.0,4348.0,Oregon,50919.0,1773.0,2633105.0
1984,"MONDALE, WALTER",2228131.0,4844903.0,"REAGAN, RONALD",2584323.0,32449.0,Pennsylvania,48414.0,1187.0,11863895.0
1984,"MONDALE, WALTER",197106.0,410489.0,"REAGAN, RONALD",212080.0,1303.0,Rhode Island,51426.0,2018.0,947154.0
1984,"MONDALE, WALTER",344459.0,968529.0,"REAGAN, RONALD",615539.0,8531.0,South Carolina,48326.0,2222.0,3121820.0
1984,"MONDALE, WALTER",116113.0,317867.0,"REAGAN, RONALD",200267.0,1487.0,South Dakota,46184.0,2208.0,690768.0
1984,"MONDALE, WALTER",711714.0,1711993.0,"REAGAN, RONALD",990212.0,10067.0,Tennessee,39933.0,1371.0,4591120.0
1984,"MONDALE, WALTER",1949276.0,5397571.0,"REAGAN, RONALD",3433428.0,14867.0,Texas,54786.0,1268.0,14229191.0
1984,"MONDALE, WALTER",155369.0,629656.0,"REAGAN, RONALD",469105.0,5182.0,Utah,54865.0,1749.0,1461037.0
1984,"MONDALE, WALTER",95730.0,234561.0,"REAGAN, RONALD",135865.0,2966.0,Vermont,53725.0,2339.0,511456.0
1984,"MONDALE, WALTER",796250.0,2146635.0,"REAGAN, RONALD",1337078.0,13307.0,Virginia,63117.0,2080.0,5346818.0
1984,"MONDALE, WALTER",798352.0,1874910.0,"REAGAN, RONALD",1051670.0,24888.0,Washington,59529.0,1958.0,4132156.0
1984,"MONDALE, WALTER",328125.0,735742.0,"REAGAN, RONALD",405483.0,2134.0,West Virginia,40078.0,1447.0,1949644.0
1984,"MONDALE, WALTER",995740.0,2211689.0,"REAGAN, RONALD",1198584.0,17365.0,Wisconsin,49358.0,1954.0,4705767.0
1984,"MONDALE, WALTER",53370.0,188968.0,"REAGAN, RONALD",133241.0,2357.0,Wyoming,56671.0,1739.0,469557.0
1988,"DUKAKIS, MICHAEL",549506.0,1378476.0,"BUSH, GEORGE H.W.",815576.0,13394.0,Alabama,42082.0,1924.0,4040587.0
1988,"DUKAKIS, MICHAEL",72584.0,200116.0,"BUSH, GEORGE H.W.",119251.0,8281.0,Alaska,69833.0,2496.0,550043.0
1988,"DUKAKIS, MICHAEL",454029.0,1171873.0,"BUSH, GEORGE H.W.",702541.0,15303.0,Arizona,55767.0,1778.0,3665228.0
1988,"DUKAKIS, MICHAEL",349237.0,827738.0,"BUSH, GEORGE H.W.",466578.0,11923.0,Arkansas,42554.0,1489.0,2350725.0
1988,"DUKAKIS, MICHAEL",4702233.0,9887065.0,"BUSH, GEORGE H.W.",5054917.0,129915.0,California,63893.0,1337.0,29760021.0
1988,"DUKAKIS, MICHAEL",621453.0,1372394.0,"BUSH, GEORGE H.W.",728177.0,22764.0,Colorado,55300.0,2711.0,3294394.0
1988,"DUKAKIS, MICHAEL",676584.0,1443394.0,"BUSH, GEORGE H.W.",750241.0,16569.0,Connecticut,76394.0,2728.0,3287116.0
1988,"DUKAKIS, MICHAEL",108647.0,249891.0,"BUSH, GEORGE H.W.",139639.0,1605.0,Delaware,64353.0,2462.0,666168.0
1988,"DUKAKIS, MICHAEL",1656701.0,4302313.0,"BUSH, GEORGE H.W.",2618885.0,26727.0,Florida,53596.0,1002.0,12937926.0
1988,"DUKAKIS, MICHAEL",714792.0,1809672.0,"BUSH, GEORGE H.W.",1081331.0,13549.0,Georgia,56043.0,1890.0,6478216.0
1988,"DUKAKIS, MICHAEL",192364.0,354461.0,"BUSH, GEORGE H.W.",158625.0,3472.0,Hawaii,69667.0,3126.0,1108229.0
1988,"DUKAKIS, MICHAEL",147272.0,408968.0,"BUSH, GEORGE H.W.",253881.0,7815.0,Idaho,49470.0,2118.0,1006749.0
1988,"DUKAKIS, MICHAEL",2215940.0,4559120.0,"BUSH, GEORGE H.W.",2310939.0,32241.0,Illinois,62283.0,1591.0,11430602.0
1988,"DUKAKIS, MICHAEL",860643.0,2168621.0,"BUSH, GEORGE H.W.",1297763.0,10215.0,Indiana,55467.0,1964.0,5544159.0
1988,"DUKAKIS, MICHAEL",670557.0,1225614.0,"BUSH, GEORGE H.W.",545355.0,9702.0,Iowa,51273.0,2274.0,2776755.0
1988,"DUKAKIS, MICHAEL",422636.0,993044.0,"BUSH, GEORGE H.W.",554049.0,16359.0,Kansas,53933.0,2432.0,2477574.0
1988,"DUKAKIS, MICHAEL",580368.0,1322517.0,"BUSH, GEORGE H.W.",734281.0,7868.0,Kentucky,41995.0,1690.0,3685296.0
1988,"DUKAKIS, MICHAEL",717460.0,1628202.0,"BUSH, GEORGE H.W.",883702.0,27040.0,Louisiana,43240.0,3110.0,4219973.0
1988,"DUKAKIS, MICHAEL",243569.0,555035.0,"BUSH, GEORGE H.W.",307131.0,4335.0,Maine,55697.0,1987.0,1227928.0
1988,"DUKAKIS, MICHAEL",826304.0,1714358.0,"BUSH, GEORGE H.W.",876167.0,11887.0,Maryland,77109.0,2523.0,4781468.0
1988,"DUKAKIS, MICHAEL",1401415.0,2632801.0,"BUSH, GEORGE H.W.",1194635.0,36751.0,Massachusetts,70065.0,1770.0,6016425.0
1988,"DUKAKIS, MICHAEL",1675783.0,3669163.0,"BUSH, GEORGE H.W.",1965486.0,27894.0,Michigan,62173.0,1281.0,9295297.0
1988,"DUKAKIS, MICHAEL",1109471.0,2096790.0,"BUSH, GEORGE H.W.",962337.0,24982.0,Minnesota,61361.0,2196.0,4375099.0
1988,"DUKAKIS, MICHAEL",363921.0,931527.0,"BUSH, GEORGE H.W.",557890.0,9716.0,Mississippi,38323.0,1873.0,2573216.0
1988,"DUKAKIS, MICHAEL",1001619.0,2093228.0,"BUSH, GEORGE H.W.",1084953.0,6656.0,Missouri,49455.0,2295.0,5117073.0
1988,"DUKAKIS, MICHAEL",168936.0,365674.0,"BUSH, GEORGE H.W.",190412.0,6326.0,Montana,46898.0,1749.0,799065.0
1988,"DUKAKIS, MICHAEL",259235.0,661465.0,"BUSH, GEORGE H.W.",397956.0,4274.0,Nebraska,53075.0,2025.0,1578385.0
1988,"DUKAKIS, MICHAEL",132738.0,343133.0,"BUSH, GEORGE H.W.",206040.0,4355.0,Nevada,59032.0,2017.0,1201833.0
1988,"DUKAKIS, MICHAEL",163696.0,450525.0,"BUSH, GEORGE H.W.",281537.0,5292.0,New Hampshire,73044.0,2382.0,1109252.0
1988,"DUKAKIS, MICHAEL",1320352.0,3099553.0,"BUSH, GEORGE H.W.",1743192.0,36009.0,New Jersey,76550.0,1388.0,7730188.0
1988,"DUKAKIS, MICHAEL",244497.0,521387.0,"BUSH, GEORGE H.W.",270341.0,6549.0,New Mexico,40706.0,1757.0,1515069.0
1988,"DUKAKIS, MICHAEL",3255487.0,6485683.0,"BUSH, GEORGE H.W.",2838414.0,391782.0,New York,60998.0,1409.0,17990455.0
1988,"DUKAKIS, MICHAEL",890167.0,2134370.0,"BUSH, GEORGE H.W.",1237258.0,6945.0,North Carolina,51505.0,1131.0,6628637.0
1988,"DUKAKIS, MICHAEL",127739.0,297261.0,"BUSH, GEORGE H.W.",166559.0,2963.0,North Dakota,50824.0,2129.0,638800.0
1988,"DUKAKIS, MICHAEL",1939629.0,4393585.0,"BUSH, GEORGE H.W.",2416549.0,37407.0,Ohio,58520.0,1342.0,10847115.0
1988,"DUKAKIS, MICHAEL",483423.0,1171036.0,"BUSH, GEORGE H.W.",678367.0,9246.0,Oklahoma,49927.0,1595.0,3145585.0
1988,"DUKAKIS, MICHAEL",616206.0,1201694.0,"BUSH, GEORGE H.W.",560126.0,25362.0,Oregon,58536.0,2426.0,2842321.0
1988,"DUKAKIS, MICHAEL",2194944.0,4536251.0,"BUSH, GEORGE H.W.",2300087.0,41220.0,Pennsylvania,56414.0,1048.0,11881643.0
1988,"DUKAKIS, MICHAEL",225123.0,404622.0,"BUSH, GEORGE H.W.",177761.0,1738.0,Rhode Island,62954.0,3342.0,1003464.0
1988,"DUKAKIS, MICHAEL",370554.0,986009.0,"BUSH, GEORGE H.W.",606443.0,9012.0,South Carolina,53864.0,2426.0,3486703.0
1988,"DUKAKIS, MICHAEL",145560.0,312991.0,"BUSH, GEORGE H.W.",165415.0,2016.0,South Dakota,47031.0,1483.0,696004.0
1988,"DUKAKIS, MICHAEL",679794.0,1636250.0,"BUSH, GEORGE H.W.",947233.0,9223.0,Tennessee,43997.0,2145.0,4877185.0
1988,"DUKAKIS, MICHAEL",2352748.0,5427410.0,"BUSH, GEORGE H.W.",3036829.0,37833.0,Texas,52661.0,1228.0,16986510.0
1988,"DUKAKIS, MICHAEL",207343.0,647008.0,"BUSH, GEORGE H.W.",428442.0,11223.0,Utah,55509.0,1918.0,1722850.0
1988,"DUKAKIS, MICHAEL",115775.0,243328.0,"BUSH, GEORGE H.W.",124331.0,3222.0,Vermont,61152.0,2272.0,562758.0
1988,"DUKAKIS, MICHAEL",859799.0,2191609.0,"BUSH, GEORGE H.W.",1309162.0,22648.0,Virginia,68873.0,2783.0,6187358.0
1988,"DUKAKIS, MICHAEL",933516.0,1865253.0,"BUSH, GEORGE H.W.",903835.0,27902.0,Washington,68196.0,2173.0,4866692.0
1988,"DUKAKIS, MICHAEL",341016.0,653311.0,"BUSH, GEORGE H.W.",310065.0,2230.0,West Virginia,40827.0,1962.0,1793477.0
1988,"DUKAKIS, MICHAEL",1126794.0,2191608.0,"BUSH, GEORGE H.W.",1047499.0,17315.0,Wisconsin,62391.0,2063.0,4891769.0
1988,"DUKAKIS, MICHAEL",67113.0,176551.0,"BUSH, GEORGE H.W.",106867.0,2571.0,Wyoming,55733.0,2310.0,453588.0
1992,"CLINTON, BILL",690080.0,1688060.0,"BUSH, GEORGE H.W.",804283.0,193697.0,Alabama,46803.0,1919.0,4040587.0
1992,"CLINTON, BILL",78294.0,258506.0,"BUSH, GEORGE H.W.",102000.0,78212.0,Alaska,75808.0,2096.0,550043.0
1992,"CLINTON, BILL",543050.0,1486975.0,"BUSH, GEORGE H.W.",572086.0,371839.0,Arizona,53241.0,1973.0,3665228.0
1992,"CLINTON, BILL",505823.0,950653.0,"BUSH, GEORGE H.W.",337324.0,107506.0,Arkansas,43310.0,2535.0,2350725.0
1992,"CLINTON, BILL",5121325.0,11131721.0,"BUSH, GEORGE H.W.",3630574.0,2379822.0,California,63297.0,1141.0,29760021.0
1992,"CLINTON, BILL",629681.0,1569180.0,"BUSH, GEORGE H.W.",562850.0,376649.0,Colorado,58910.0,2668.0,3294394.0
1992,"CLINTON, BILL",682318.0,1616156.0,"BUSH, GEORGE H.W.",578313.0,355525.0,Connecticut,74066.0,3576.0,3287116.0
1992,"CLINTON, BILL",126054.0,289620.0,"BUSH, GEORGE H.W.",102313.0,61253.0,Delaware,64702.0,2526.0,666168.0
1992,"CLINTON, BILL",2071698.0,5313392.0,"BUSH, GEORGE H.W.",2173310.0,1068384.0,Florida,49598.0,954.0,12937926.0
1992,"CLINTON, BILL",1008966.0,2321133.0,"BUSH, GEORGE H.W.",995252.0,316915.0,Georgia,52224.0,2227.0,6478216.0
1992,"CLINTON, BILL",179310.0,372842.0,"BUSH, GEORGE H.W.",136822.0,56710.0,Hawaii,76372.0,2602.0,1108229.0
1992,"CLINTON, BILL",137013.0,482114.0,"BUSH, GEORGE H.W.",202645.0,142456.0,Idaho,50242.0,1585.0,1006749.0
1992,"CLINTON, BILL",2453350.0,5050157.0,"BUSH, GEORGE H.W.",1734096.0,862711.0,Illinois,57218.0,1364.0,11430602.0
1992,"CLINTON, BILL",848420.0,2305871.0,"BUSH, GEORGE H.W.",989375.0,468076.0,Indiana,51739.0,2385.0,5544159.0
1992,"CLINTON, BILL",586353.0,1354607.0,"BUSH, GEORGE H.W.",504891.0,263363.0,Iowa,52126.0,1763.0,2776755.0
1992,"CLINTON, BILL",390434.0,1157236.0,"BUSH, GEORGE H.W.",449951.0,316851.0,Kansas,55033.0,2062.0,2477574.0
1992,"CLINTON, BILL",665104.0,1492900.0,"BUSH, GEORGE H.W.",617178.0,210618.0,Kentucky,42590.0,2283.0,3685296.0
1992,"CLINTON, BILL",815971.0,1790017.0,"BUSH, GEORGE H.W.",733386.0,240660.0,Louisiana,46134.0,2071.0,4219973.0
1992,"CLINTON, BILL",263420.0,679499.0,"BUSH, GEORGE H.W.",206504.0,209575.0,Maine,53711.0,1861.0,1227928.0
1992,"CLINTON, BILL",988571.0,1984580.0,"BUSH, GEORGE H.W.",707094.0,288915.0,Maryland,67468.0,2949.0,4781468.0
1992,"CLINTON, BILL",1318639.0,2773664.0,"BUSH, GEORGE H.W.",805039.0,649986.0,Massachusetts,65937.0,1338.0,6016425.0
1992,"CLINTON, BILL",1871182.0,4274673.0,"BUSH, GEORGE H.W.",1554940.0,848551.0,Michigan,58517.0,1380.0,9295297.0
1992,"CLINTON, BILL",1020997.0,2347948.0,"BUSH, GEORGE H.W.",747841.0,579110.0,Minnesota,56184.0,2352.0,4375099.0
1992,"CLINTON, BILL",400258.0,981793.0,"BUSH, GEORGE H.W.",487793.0,93742.0,Mississippi,37304.0,1948.0,2573216.0
1992,"CLINTON, BILL",1053873.0,2391270.0,"BUSH, GEORGE H.W.",811159.0,526238.0,Missouri,49619.0,2631.0,5117073.0
1992,"CLINTON, BILL",154507.0,410583.0,"BUSH, GEORGE H.W.",144207.0,111869.0,Montana,48103.0,1320.0,799065.0
1992,"CLINTON, BILL",216864.0,737546.0,"BUSH, GEORGE H.W.",343678.0,177004.0,Nebraska,54492.0,1942.0,1578385.0
1992,"CLINTON, BILL",189148.0,506318.0,"BUSH, GEORGE H.W.",175828.0,141342.0,Nevada,57866.0,1444.0,1201833.0
1992,"CLINTON, BILL",209040.0,537215.0,"BUSH, GEORGE H.W.",202484.0,125691.0,New Hampshire,71518.0,3486.0,1109252.0
1992,"CLINTON, BILL",1436206.0,3343594.0,"BUSH, GEORGE H.W.",1356865.0,550523.0,New Jersey,70727.0,1525.0,7730188.0
1992,"CLINTON, BILL",261617.0,569986.0,"BUSH, GEORGE H.W.",212824.0,95545.0,New Mexico,46897.0,2443.0,1515069.0
1992,"CLINTON, BILL",3346894.0,7079432.0,"BUSH, GEORGE H.W.",2041690.0,1690848.0,New York,56311.0,959.0,17990455.0
1992,"CLINTON, BILL",1114042.0,2611850.0,"BUSH, GEORGE H.W.",1134661.0,363147.0,North Carolina,50363.0,1117.0,6628637.0
1992,"CLINTON, BILL",99168.0,308133.0,"BUSH, GEORGE H.W.",136244.0,72721.0,North Dakota,48890.0,1634.0,638800.0
1992,"CLINTON, BILL",1984942.0,4939967.0,"BUSH, GEORGE H.W.",1894310.0,1060715.0,Ohio,56951.0,1065.0,10847115.0
1992,"CLINTON, BILL",473066.0,1390359.0,"BUSH, GEORGE H.W.",592929.0,324364.0,Oklahoma,45853.0,1950.0,3145585.0
1992,"CLINTON, BILL",621314.0,1462643.0,"BUSH, GEORGE H.W.",475757.0,365572.0,Oregon,57900.0,3698.0,2842321.0
1992,"CLINTON, BILL",2239164.0,4959810.0,"BUSH, GEORGE H.W.",1791841.0,928805.0,Pennsylvania,54191.0,1210.0,11881643.0
1992,"CLINTON, BILL",213299.0,453365.0,"BUSH, GEORGE H.W.",131601.0,108465.0,Rhode Island,55189.0,2599.0,1003464.0
1992,"CLINTON, BILL",525514.0,1228912.0,"BUSH, GEORGE H.W.",577507.0,125891.0,South Carolina,50013.0,2601.0,3486703.0
1992,"CLINTON, BILL",124888.0,336254.0,"BUSH, GEORGE H.W.",136718.0,74648.0,South Dakota,47621.0,1213.0,696004.0
1992,"CLINTON, BILL",933521.0,1982638.0,"BUSH, GEORGE H.W.",841300.0,207817.0,Tennessee,44101.0,1656.0,4877185.0
1992,"CLINTON, BILL",2281815.0,6154018.0,"BUSH, GEORGE H.W.",2496071.0,1376132.0,Texas,50693.0,1150.0,16986510.0
1992,"CLINTON, BILL",183429.0,743998.0,"BUSH, GEORGE H.W.",322632.0,237937.0,Utah,62115.0,2076.0,1722850.0
1992,"CLINTON, BILL",133592.0,289701.0,"BUSH, GEORGE H.W.",88122.0,67987.0,Vermont,59402.0,2417.0,562758.0
1992,"CLINTON, BILL",1038650.0,2559129.0,"BUSH, GEORGE H.W.",1150517.0,369962.0,Virginia,69272.0,2465.0,6187358.0
1992,"CLINTON, BILL",993037.0,2287565.0,"BUSH, GEORGE H.W.",731234.0,563294.0,Washington,61478.0,2261.0,4866692.0
1992,"CLINTON, BILL",331001.0,683677.0,"BUSH, GEORGE H.W.",241974.0,110702.0,West Virginia,36762.0,1618.0,1793477.0
1992,"CLINTON, BILL",1041066.0,2531064.0,"BUSH, GEORGE H.W.",930855.0,559143.0,Wisconsin,60404.0,1989.0,4891769.0
1992,"CLINTON, BILL",68160.0,199884.0,"BUSH, GEORGE H.W.",79347.0,52377.0,Wyoming,54784.0,2575.0,453588.0
1996,"CLINTON, BILL",662165.0,1534349.0,"DOLE, ROBERT",769044.0,103140.0,Alabama,49940.0,2073.0,4447100.0
1996,"CLINTON, BILL",80380.0,241620.0,"DOLE, ROBERT",122746.0,38494.0,Alaska,86984.0,3143.0,626932.0
1996,"CLINTON, BILL",653288.0,1404405.0,"DOLE, ROBERT",622073.0,129044.0,Arizona,52140.0,2100.0,5130632.0
1996,"CLINTON, BILL",475171.0,884262.0,"DOLE, ROBERT",325416.0,83675.0,Arkansas,44701.0,1612.0,2673400.0
1996,"CLINTON, BILL",5119835.0,10019469.0,"DOLE, ROBERT",3828381.0,1071253.0,California,63965.0,1348.0,33871648.0
1996,"CLINTON, BILL",671152.0,1510702.0,"DOLE, ROBERT",691848.0,147702.0,Colorado,67489.0,2190.0,4301261.0
1996,"CLINTON, BILL",735740.0,1392614.0,"DOLE, ROBERT",483109.0,173765.0,Connecticut,69415.0,5088.0,3405565.0
1996,"CLINTON, BILL",140355.0,270810.0,"DOLE, ROBERT",99062.0,31393.0,Delaware,64784.0,2311.0,783600.0
1996,"CLINTON, BILL",2546870.0,5303154.0,"DOLE, ROBERT",2244536.0,511748.0,Florida,50499.0,845.0,15982378.0
1996,"CLINTON, BILL",1053849.0,2298899.0,"DOLE, ROBERT",1080843.0,164207.0,Georgia,53556.0,2746.0,8186453.0
1996,"CLINTON, BILL",205012.0,360120.0,"DOLE, ROBERT",113943.0,41165.0,Hawaii,68843.0,3120.0,1211537.0
1996,"CLINTON, BILL",165443.0,491711.0,"DOLE, ROBERT",256595.0,69673.0,Idaho,57203.0,2210.0,1293953.0
1996,"CLINTON, BILL",2341744.0,4311391.0,"DOLE, ROBERT",1587021.0,382626.0,Illinois,65188.0,1824.0,12419293.0
1996,"CLINTON, BILL",887424.0,2135431.0,"DOLE, ROBERT",1006693.0,241314.0,Indiana,57925.0,2139.0,6080485.0
1996,"CLINTON, BILL",620258.0,1234075.0,"DOLE, ROBERT",492644.0,121173.0,Iowa,54731.0,2517.0,2926324.0
1996,"CLINTON, BILL",387659.0,1074300.0,"DOLE, ROBERT",583245.0,103396.0,Kansas,53703.0,2406.0,2688418.0
1996,"CLINTON, BILL",636614.0,1388708.0,"DOLE, ROBERT",623283.0,128811.0,Kentucky,53419.0,2372.0,4041769.0
1996,"CLINTON, BILL",927837.0,1783959.0,"DOLE, ROBERT",712586.0,143536.0,Louisiana,49874.0,2126.0,4468976.0
1996,"CLINTON, BILL",312788.0,605897.0,"DOLE, ROBERT",186378.0,106731.0,Maine,57182.0,1996.0,1274923.0
1996,"CLINTON, BILL",966207.0,1780870.0,"DOLE, ROBERT",681530.0,133133.0,Maryland,72504.0,4227.0,5296486.0
1996,"CLINTON, BILL",1571509.0,2556459.0,"DOLE, ROBERT",718058.0,266892.0,Massachusetts,65089.0,3184.0,6349097.0
1996,"CLINTON, BILL",1989653.0,3848844.0,"DOLE, ROBERT",1481212.0,377979.0,Michigan,64646.0,1884.0,9938444.0
1996,"CLINTON, BILL",1120380.0,2192492.0,"DOLE, ROBERT",766395.0,305717.0,Minnesota,67556.0,2019.0,4919479.0
1996,"CLINTON, BILL",394022.0,893857.0,"DOLE, ROBERT",439838.0,59997.0,Mississippi,43966.0,2169.0,2844658.0
1996,"CLINTON, BILL",1025935.0,2158065.0,"DOLE, ROBERT",890016.0,242114.0,Missouri,56471.0,2494.0,5595211.0
1996,"CLINTON, BILL",167922.0,407083.0,"DOLE, ROBERT",179652.0,59509.0,Montana,47273.0,2581.0,902195.0
1996,"CLINTON, BILL",236761.0,677415.0,"DOLE, ROBERT",363467.0,77187.0,Nebraska,56058.0,2472.0,1711263.0
1996,"CLINTON, BILL",203974.0,464279.0,"DOLE, ROBERT",199244.0,61061.0,Nevada,63517.0,2662.0,1998257.0
1996,"CLINTON, BILL",246166.0,496597.0,"DOLE, ROBERT",196486.0,53945.0,New Hampshire,64946.0,2858.0,1235786.0
1996,"CLINTON, BILL",1652361.0,3075860.0,"DOLE, ROBERT",1103099.0,320400.0,New Jersey,78231.0,2006.0,8414350.0
1996,"CLINTON, BILL",273495.0,556074.0,"DOLE, ROBERT",232751.0,49828.0,New Mexico,41344.0,1798.0,1819046.0
1996,"CLINTON, BILL",3649630.0,6439129.0,"DOLE, ROBERT",1738707.0,1050792.0,New York,58358.0,1229.0,18976457.0
1996,"CLINTON, BILL",1107849.0,2515807.0,"DOLE, ROBERT",1225938.0,182020.0,North Carolina,58673.0,1661.0,8049313.0
1996,"CLINTON, BILL",106905.0,266411.0,"DOLE, ROBERT",125050.0,34456.0,North Dakota,51865.0,1951.0,642200.0
1996,"CLINTON, BILL",2148222.0,4534434.0,"DOLE, ROBERT",1859883.0,526329.0,Ohio,56150.0,1752.0,11353140.0
1996,"CLINTON, BILL",488105.0,1206713.0,"DOLE, ROBERT",582315.0,136293.0,Oklahoma,45218.0,1795.0,3450654.0
1996,"CLINTON, BILL",649641.0,1377760.0,"DOLE, ROBERT",538152.0,189967.0,Oregon,58494.0,2100.0,3421399.0
1996,"CLINTON, BILL",2215819.0,4501307.0,"DOLE, ROBERT",1801169.0,484319.0,Pennsylvania,57516.0,1605.0,12281054.0
1996,"CLINTON, BILL",233050.0,390247.0,"DOLE, ROBERT",104683.0,52514.0,Rhode Island,60956.0,1707.0,1048319.0
1996,"CLINTON, BILL",506152.0,1150182.0,"DOLE, ROBERT",573339.0,70691.0,South Carolina,57131.0,2316.0,4012012.0
1996,"CLINTON, BILL",139333.0,323826.0,"DOLE, ROBERT",150543.0,33950.0,South Dakota,48661.0,1653.0,754844.0
1996,"CLINTON, BILL",909146.0,1894105.0,"DOLE, ROBERT",863530.0,121429.0,Tennessee,50744.0,1791.0,5689283.0
1996,"CLINTON, BILL",2459683.0,5611644.0,"DOLE, ROBERT",2736167.0,415794.0,Texas,54505.0,1257.0,20851820.0
1996,"CLINTON, BILL",221633.0,665629.0,"DOLE, ROBERT",361911.0,82085.0,Utah,61041.0,2192.0,2233169.0
1996,"CLINTON, BILL",137894.0,258449.0,"DOLE, ROBERT",80352.0,40203.0,Vermont,53328.0,2060.0,608827.0
1996,"CLINTON, BILL",1091060.0,2416642.0,"DOLE, ROBERT",1138350.0,187232.0,Virginia,64623.0,2405.0,7078515.0
1996,"CLINTON, BILL",1123323.0,2253837.0,"DOLE, ROBERT",840712.0,289802.0,Washington,60445.0,2650.0,5894121.0
1996,"CLINTON, BILL",327812.0,636459.0,"DOLE, ROBERT",233946.0,74701.0,West Virginia,41609.0,2144.0,1808344.0
1996,"CLINTON, BILL",1071971.0,2196169.0,"DOLE, ROBERT",845029.0,279169.0,Wisconsin,65925.0,2934.0,5363675.0
1996,"CLINTON, BILL",77934.0,211571.0,"DOLE, ROBERT",105388.0,28249.0,Wyoming,51013.0,1414.0,493782.0
2000,"GORE, AL",692611.0,1666272.0,"BUSH, GEORGE W.",941173.0,32488.0,Alabama,53395.0,1616.0,4447100.0
2000,"GORE, AL",79004.0,285560.0,"BUSH, GEORGE W.",167398.0,39158.0,Alaska,79657.0,1747.0,626932.0
2000,"GORE, AL",685341.0,1532016.0,"BUSH, GEORGE W.",781652.0,65023.0,Arizona,59966.0,1824.0,5130632.0
2000,"GORE, AL",422768.0,921781.0,"BUSH, GEORGE W.",472940.0,26073.0,Arkansas,44763.0,1164.0,2673400.0
2000,"GORE, AL",5861203.0,10965822.0,"BUSH, GEORGE W.",4567429.0,537190.0,California,70566.0,1034.0,33871648.0
2000,"GORE, AL",738227.0,1741368.0,"BUSH, GEORGE W.",883748.0,119393.0,Colorado,72713.0,1865.0,4301261.0
2000,"GORE, AL",816015.0,1459525.0,"BUSH, GEORGE W.",561094.0,82416.0,Connecticut,75625.0,2045.0,3405565.0
2000,"GORE, AL",180068.0,327529.0,"BUSH, GEORGE W.",137288.0,10173.0,Delaware,75916.0,2273.0,783600.0
2000,"GORE, AL",2912253.0,5963110.0,"BUSH, GEORGE W.",2912790.0,138067.0,Florida,58568.0,1120.0,15982378.0
2000,"GORE, AL",1116230.0,2583208.0,"BUSH, GEORGE W.",1419720.0,47258.0,Georgia,63158.0,1253.0,8186453.0
2000,"GORE, AL",205286.0,367951.0,"BUSH, GEORGE W.",137845.0,24820.0,Hawaii,77696.0,1798.0,1211537.0
2000,"GORE, AL",138637.0,501615.0,"BUSH, GEORGE W.",336937.0,26041.0,Idaho,56692.0,1797.0,1293953.0
2000,"GORE, AL",2589026.0,4742108.0,"BUSH, GEORGE W.",2019421.0,133661.0,Illinois,69433.0,1456.0,12419293.0
2000,"GORE, AL",901980.0,2199302.0,"BUSH, GEORGE W.",1245836.0,51486.0,Indiana,61596.0,1023.0,6080485.0
2000,"GORE, AL",638517.0,1353022.0,"BUSH, GEORGE W.",634373.0,80132.0,Iowa,61786.0,1222.0,2926324.0
2000,"GORE, AL",399276.0,1072216.0,"BUSH, GEORGE W.",622332.0,50608.0,Kansas,61889.0,1761.0,2688418.0
2000,"GORE, AL",638923.0,1544106.0,"BUSH, GEORGE W.",872520.0,32663.0,Kentucky,54663.0,1278.0,4041769.0
2000,"GORE, AL",792344.0,1765656.0,"BUSH, GEORGE W.",927871.0,45441.0,Louisiana,46302.0,1248.0,4468976.0
2000,"GORE, AL",319951.0,651817.0,"BUSH, GEORGE W.",286616.0,45250.0,Maine,56172.0,1286.0,1274923.0
2000,"GORE, AL",1144008.0,2025212.0,"BUSH, GEORGE W.",813827.0,67377.0,Maryland,82201.0,2110.0,5296486.0
2000,"GORE, AL",1616487.0,2733964.0,"BUSH, GEORGE W.",878502.0,238975.0,Massachusetts,70472.0,2045.0,6349097.0
2000,"GORE, AL",2170418.0,4232501.0,"BUSH, GEORGE W.",1953139.0,108944.0,Michigan,68601.0,1651.0,9938444.0
2000,"GORE, AL",1168266.0,2438685.0,"BUSH, GEORGE W.",1109659.0,160760.0,Minnesota,81773.0,2567.0,4919479.0
2000,"GORE, AL",404614.0,994184.0,"BUSH, GEORGE W.",572844.0,16726.0,Mississippi,51699.0,2041.0,2844658.0
2000,"GORE, AL",1111138.0,2359892.0,"BUSH, GEORGE W.",1189924.0,58830.0,Missouri,67975.0,1789.0,5595211.0
2000,"GORE, AL",137126.0,410986.0,"BUSH, GEORGE W.",240178.0,33682.0,Montana,49405.0,1509.0,902195.0
2000,"GORE, AL",231780.0,697019.0,"BUSH, GEORGE W.",433862.0,31377.0,Nebraska,62930.0,1534.0,1711263.0
2000,"GORE, AL",279978.0,609426.0,"BUSH, GEORGE W.",301575.0,27873.0,Nevada,68972.0,1524.0,1998257.0
2000,"GORE, AL",266348.0,569081.0,"BUSH, GEORGE W.",273559.0,29174.0,New Hampshire,76762.0,1874.0,1235786.0
2000,"GORE, AL",1788850.0,3187226.0,"BUSH, GEORGE W.",1284173.0,114203.0,New Jersey,75976.0,1494.0,8414350.0
2000,"GORE, AL",286783.0,598605.0,"BUSH, GEORGE W.",286417.0,25405.0,New Mexico,52896.0,1881.0,1819046.0
2000,"GORE, AL",3942215.0,6960215.0,"BUSH, GEORGE W.",2258577.0,759423.0,New York,61414.0,876.0,18976457.0
2000,"GORE, AL",1257692.0,2914990.0,"BUSH, GEORGE W.",1631163.0,26135.0,North Carolina,57756.0,1215.0,8049313.0
2000,"GORE, AL",95284.0,288256.0,"BUSH, GEORGE W.",174852.0,18120.0,North Dakota,54257.0,1605.0,642200.0
2000,"GORE, AL",2183628.0,4701998.0,"BUSH, GEORGE W.",2350363.0,168007.0,Ohio,64757.0,1103.0,11353140.0
2000,"GORE, AL",474276.0,1234229.0,"BUSH, GEORGE W.",744337.0,15616.0,Oklahoma,48885.0,1069.0,3450654.0
2000,"GORE, AL",720342.0,1533950.0,"BUSH, GEORGE W.",713577.0,100031.0,Oregon,64059.0,1411.0,3421399.0
2000,"GORE, AL",2485967.0,4912185.0,"BUSH, GEORGE W.",2281127.0,145091.0,Pennsylvania,63573.0,1061.0,12281054.0
2000,"GORE, AL",249508.0,409112.0,"BUSH, GEORGE W.",130555.0,29049.0,Rhode Island,63604.0,1534.0,1048319.0
2000,"GORE, AL",566037.0,1383902.0,"BUSH, GEORGE W.",786892.0,30973.0,South Carolina,56630.0,1412.0,4012012.0
2000,"GORE, AL",118804.0,316269.0,"BUSH, GEORGE W.",190700.0,6765.0,South Dakota,54979.0,1036.0,754844.0
2000,"GORE, AL",981720.0,2076181.0,"BUSH, GEORGE W.",1061949.0,32512.0,Tennessee,51393.0,1402.0,5689283.0
2000,"GORE, AL",2433746.0,6407637.0,"BUSH, GEORGE W.",3799639.0,174252.0,Texas,58196.0,1183.0,20851820.0
2000,"GORE, AL",203053.0,770754.0,"BUSH, GEORGE W.",515096.0,52605.0,Utah,71673.0,1569.0,2233169.0
2000,"GORE, AL",149022.0,294308.0,"BUSH, GEORGE W.",119775.0,25511.0,Vermont,59681.0,1388.0,608827.0
2000,"GORE, AL",1217290.0,2739447.0,"BUSH, GEORGE W.",1437490.0,84667.0,Virginia,71090.0,1605.0,7078515.0
2000,"GORE, AL",1247652.0,2487433.0,"BUSH, GEORGE W.",1108864.0,130917.0,Washington,64099.0,1825.0,5894121.0
2000,"GORE, AL",295497.0,648124.0,"BUSH, GEORGE W.",336475.0,16152.0,West Virginia,44332.0,972.0,1808344.0
2000,"GORE, AL",1242987.0,2598607.0,"BUSH, GEORGE W.",1237279.0,118341.0,Wisconsin,67962.0,1435.0,5363675.0
2000,"GORE, AL",60481.0,213726.0,"BUSH, GEORGE W.",147947.0,5298.0,Wyoming,59733.0,1592.0,493782.0
2004,"KERRY, JOHN",693933.0,1883415.0,"BUSH, GEORGE W.",1176394.0,13088.0,Alabama,50317.0,1790.0,4447100.0
2004,"KERRY, JOHN",111025.0,312598.0,"BUSH, GEORGE W.",190889.0,10684.0,Alaska,75640.0,2845.0,626932.0
2004,"KERRY, JOHN",893524.0,2012585.0,"BUSH, GEORGE W.",1104294.0,14767.0,Arizona,60231.0,1570.0,5130632.0
2004,"KERRY, JOHN",469953.0,1054945.0,"BUSH, GEORGE W.",572898.0,12094.0,Arkansas,48057.0,1365.0,2673400.0
2004,"KERRY, JOHN",6745485.0,12421353.0,"BUSH, GEORGE W.",5509826.0,166042.0,California,67616.0,907.0,33871648.0
2004,"KERRY, JOHN",1001732.0,2129630.0,"BUSH, GEORGE W.",1101255.0,26643.0,Colorado,69902.0,2184.0,4301261.0
2004,"KERRY, JOHN",857488.0,1578769.0,"BUSH, GEORGE W.",693826.0,27455.0,Connecticut,75691.0,2264.0,3405565.0
2004,"KERRY, JOHN",200152.0,375190.0,"BUSH, GEORGE W.",171660.0,3378.0,Delaware,66005.0,1952.0,783600.0
2004,"KERRY, JOHN",3583544.0,7609810.0,"BUSH, GEORGE W.",3964522.0,61744.0,Florida,55683.0,868.0,15982378.0
2004,"KERRY, JOHN",1366149.0,3301875.0,"BUSH, GEORGE W.",1914254.0,21472.0,Georgia,56299.0,849.0,8186453.0
2004,"KERRY, JOHN",231708.0,429013.0,"BUSH, GEORGE W.",194191.0,3114.0,Hawaii,77259.0,2322.0,1211537.0
2004,"KERRY, JOHN",181098.0,598376.0,"BUSH, GEORGE W.",409235.0,8043.0,Idaho,60934.0,1905.0,1293953.0
2004,"KERRY, JOHN",2891550.0,5274322.0,"BUSH, GEORGE W.",2345946.0,36826.0,Illinois,63296.0,1131.0,12419293.0
2004,"KERRY, JOHN",969011.0,2468002.0,"BUSH, GEORGE W.",1479438.0,19553.0,Indiana,58147.0,1581.0,6080485.0
2004,"KERRY, JOHN",741898.0,1506908.0,"BUSH, GEORGE W.",751957.0,13053.0,Iowa,59606.0,2089.0,2926324.0
2004,"KERRY, JOHN",434993.0,1187756.0,"BUSH, GEORGE W.",736456.0,16307.0,Kansas,56412.0,2403.0,2688418.0
2004,"KERRY, JOHN",712733.0,1795882.0,"BUSH, GEORGE W.",1069439.0,13710.0,Kentucky,48917.0,1673.0,4041769.0
2004,"KERRY, JOHN",820299.0,1943106.0,"BUSH, GEORGE W.",1102169.0,20638.0,Louisiana,50042.0,1708.0,4468976.0
2004,"KERRY, JOHN",396842.0,740752.0,"BUSH, GEORGE W.",330201.0,13709.0,Maine,56773.0,1680.0,1274923.0
2004,"KERRY, JOHN",1334493.0,2384238.0,"BUSH, GEORGE W.",1024703.0,25035.0,Maryland,78442.0,2324.0,5296486.0
2004,"KERRY, JOHN",1803800.0,2927455.0,"BUSH, GEORGE W.",1071109.0,52546.0,Massachusetts,71458.0,2290.0,6349097.0
2004,"KERRY, JOHN",2479183.0,4839252.0,"BUSH, GEORGE W.",2313746.0,46323.0,Michigan,58047.0,1179.0,9938444.0
2004,"KERRY, JOHN",1445014.0,2828387.0,"BUSH, GEORGE W.",1346695.0,36678.0,Minnesota,77070.0,1470.0,4919479.0
2004,"KERRY, JOHN",457766.0,1139824.0,"BUSH, GEORGE W.",672660.0,9398.0,Mississippi,47743.0,1555.0,2844658.0
2004,"KERRY, JOHN",1259171.0,2731364.0,"BUSH, GEORGE W.",1455713.0,16480.0,Missouri,57883.0,1474.0,5595211.0
2004,"KERRY, JOHN",173710.0,450434.0,"BUSH, GEORGE W.",266063.0,10661.0,Montana,46645.0,974.0,902195.0
2004,"KERRY, JOHN",254328.0,778186.0,"BUSH, GEORGE W.",512814.0,11044.0,Nebraska,60149.0,1830.0,1711263.0
2004,"KERRY, JOHN",397190.0,829587.0,"BUSH, GEORGE W.",418690.0,13707.0,Nevada,64844.0,1898.0,1998257.0
2004,"KERRY, JOHN",340511.0,678287.0,"BUSH, GEORGE W.",331237.0,6539.0,New Hampshire,78046.0,1819.0,1235786.0
2004,"KERRY, JOHN",1911430.0,3611691.0,"BUSH, GEORGE W.",1670003.0,30258.0,New Jersey,75931.0,1762.0,8414350.0
2004,"KERRY, JOHN",370942.0,756304.0,"BUSH, GEORGE W.",376930.0,8432.0,New Mexico,54346.0,2176.0,1819046.0
2004,"KERRY, JOHN",4180755.0,7448266.0,"BUSH, GEORGE W.",2806993.0,460518.0,New York,61334.0,1088.0,18976457.0
2004,"KERRY, JOHN",1525849.0,3501007.0,"BUSH, GEORGE W.",1961166.0,13992.0,North Carolina,55275.0,1115.0,8049313.0
2004,"KERRY, JOHN",111052.0,312833.0,"BUSH, GEORGE W.",196651.0,5130.0,North Dakota,53876.0,1718.0,642200.0
2004,"KERRY, JOHN",2741165.0,5627903.0,"BUSH, GEORGE W.",2859764.0,26974.0,Ohio,59144.0,1342.0,11353140.0
2004,"KERRY, JOHN",943163.0,1836782.0,"BUSH, GEORGE W.",866831.0,26788.0,Oregon,56313.0,1444.0,3421399.0
2004,"KERRY, JOHN",2938095.0,5769590.0,"BUSH, GEORGE W.",2793847.0,37648.0,Pennsylvania,60588.0,1427.0,12281054.0
2004,"KERRY, JOHN",259760.0,437134.0,"BUSH, GEORGE W.",169046.0,8328.0,Rhode Island,65848.0,2709.0,1048319.0
2004,"KERRY, JOHN",661669.0,1617700.0,"BUSH, GEORGE W.",937974.0,18057.0,South Carolina,53150.0,1403.0,4012012.0
2004,"KERRY, JOHN",149244.0,388215.0,"BUSH, GEORGE W.",232584.0,6387.0,South Dakota,56468.0,1367.0,754844.0
2004,"KERRY, JOHN",1036477.0,2437319.0,"BUSH, GEORGE W.",1384375.0,16467.0,Tennessee,52299.0,1452.0,5689283.0
2004,"KERRY, JOHN",2832704.0,7410749.0,"BUSH, GEORGE W.",4526917.0,51128.0,Texas,56867.0,754.0,20851820.0
2004,"KERRY, JOHN",241199.0,927844.0,"BUSH, GEORGE W.",663742.0,22903.0,Utah,69881.0,1273.0,2233169.0
2004,"KERRY, JOHN",184067.0,312309.0,"BUSH, GEORGE W.",121180.0,7062.0,Vermont,65016.0,1745.0,608827.0
2004,"KERRY, JOHN",1454742.0,3195415.0,"BUSH, GEORGE W.",1716959.0,23714.0,Virginia,70252.0,1533.0,7078515.0
2004,"KERRY, JOHN",1510201.0,2859084.0,"BUSH, GEORGE W.",1304894.0,43989.0,Washington,68578.0,1467.0,5894121.0
2004,"KERRY, JOHN",326541.0,755792.0,"BUSH, GEORGE W.",423778.0,5473.0,West Virginia,45844.0,1611.0,1808344.0
2004,"KERRY, JOHN",1489504.0,2997007.0,"BUSH, GEORGE W.",1478120.0,29383.0,Wisconsin,62822.0,1837.0,5363675.0
2004,"KERRY, JOHN",70776.0,243861.0,"BUSH, GEORGE W.",167629.0,5456.0,Wyoming,62362.0,1574.0,493782.0
2008,"OBAMA, BARACK H.",813479.0,2099819.0,"MCCAIN, JOHN",1266546.0,19794.0,Alabama,53602.0,1999.0,4779736.0
2008,"OBAMA, BARACK H.",123594.0,326197.0,"MCCAIN, JOHN",193841.0,8762.0,Alaska,77119.0,2774.0,710231.0
2008,"OBAMA, BARACK H.",1034707.0,2293475.0,"MCCAIN, JOHN",1230111.0,28657.0,Arizona,56540.0,1356.0,6392017.0
2008,"OBAMA, BARACK H.",422310.0,1086617.0,"MCCAIN, JOHN",638017.0,26290.0,Arkansas,47708.0,1439.0,2915918.0
2008,"OBAMA, BARACK H.",8274473.0,13561900.0,"MCCAIN, JOHN",5011781.0,275646.0,California,68712.0,999.0,37253956.0
2008,"OBAMA, BARACK H.",1288576.0,2401361.0,"MCCAIN, JOHN",1073589.0,39196.0,Colorado,73448.0,2287.0,5029196.0
2008,"OBAMA, BARACK H.",997772.0,1646792.0,"MCCAIN, JOHN",629428.0,19592.0,Connecticut,77954.0,3255.0,3574097.0
2008,"OBAMA, BARACK H.",255459.0,412412.0,"MCCAIN, JOHN",152374.0,4579.0,Delaware,61105.0,1673.0,897934.0
2008,"OBAMA, BARACK H.",4282074.0,8390744.0,"MCCAIN, JOHN",4045624.0,63046.0,Florida,54061.0,1034.0,18801310.0
2008,"OBAMA, BARACK H.",1844123.0,3924486.0,"MCCAIN, JOHN",2048759.0,31604.0,Georgia,55712.0,1403.0,9687653.0
2008,"OBAMA, BARACK H.",325871.0,456064.0,"MCCAIN, JOHN",120566.0,9627.0,Hawaii,74144.0,1785.0,1360301.0
2008,"OBAMA, BARACK H.",236440.0,655122.0,"MCCAIN, JOHN",403012.0,15670.0,Idaho,57150.0,2026.0,1567582.0
2008,"OBAMA, BARACK H.",3419348.0,5522371.0,"MCCAIN, JOHN",2031179.0,71844.0,Illinois,64181.0,1597.0,12830632.0
2008,"OBAMA, BARACK H.",1374039.0,2751054.0,"MCCAIN, JOHN",1345648.0,31367.0,Indiana,56065.0,1428.0,6483802.0
2008,"OBAMA, BARACK H.",828940.0,1537123.0,"MCCAIN, JOHN",682379.0,25804.0,Iowa,60430.0,1558.0,3046355.0
2008,"OBAMA, BARACK H.",514765.0,1235872.0,"MCCAIN, JOHN",699655.0,21452.0,Kansas,57701.0,1699.0,2853118.0
2008,"OBAMA, BARACK H.",751985.0,1826620.0,"MCCAIN, JOHN",1048462.0,26173.0,Kentucky,49591.0,979.0,4339367.0
2008,"OBAMA, BARACK H.",782989.0,1960761.0,"MCCAIN, JOHN",1148275.0,29497.0,Louisiana,47681.0,1791.0,4533372.0
2008,"OBAMA, BARACK H.",421923.0,731163.0,"MCCAIN, JOHN",295273.0,13967.0,Maine,56918.0,1731.0,1328361.0
2008,"OBAMA, BARACK H.",1629467.0,2631596.0,"MCCAIN, JOHN",959862.0,42267.0,Maryland,76784.0,2132.0,5773552.0
2008,"OBAMA, BARACK H.",1904097.0,3102995.0,"MCCAIN, JOHN",1108854.0,90044.0,Massachusetts,72697.0,2017.0,6547629.0
2008,"OBAMA, BARACK H.",2872579.0,5001596.0,"MCCAIN, JOHN",2048639.0,80378.0,Michigan,60004.0,1391.0,9883640.0
2008,"OBAMA, BARACK H.",1573354.0,2910369.0,"MCCAIN, JOHN",1275409.0,61606.0,Minnesota,66195.0,1720.0,5303925.0
2008,"OBAMA, BARACK H.",554662.0,1289865.0,"MCCAIN, JOHN",724597.0,10606.0,Mississippi,43924.0,1000.0,2967297.0
2008,"OBAMA, BARACK H.",1441911.0,2925205.0,"MCCAIN, JOHN",1445814.0,37480.0,Missouri,55484.0,1381.0,5988927.0
2008,"OBAMA, BARACK H.",231667.0,490109.0,"MCCAIN, JOHN",242763.0,15679.0,Montana,51702.0,2126.0,989415.0
2008,"OBAMA, BARACK H.",333319.0,801281.0,"MCCAIN, JOHN",452979.0,14983.0,Nebraska,61137.0,1511.0,1826341.0
2008,"OBAMA, BARACK H.",533736.0,967848.0,"MCCAIN, JOHN",412827.0,21285.0,Nevada,65977.0,3203.0,2700551.0
2008,"OBAMA, BARACK H.",384826.0,710970.0,"MCCAIN, JOHN",316534.0,9610.0,New Hampshire,79754.0,3861.0,1316470.0
2008,"OBAMA, BARACK H.",2215422.0,3868237.0,"MCCAIN, JOHN",1613207.0,39608.0,New Jersey,78706.0,2768.0,8791894.0
2008,"OBAMA, BARACK H.",472422.0,830158.0,"MCCAIN, JOHN",346832.0,10904.0,New Mexico,50741.0,1664.0,2059179.0
2008,"OBAMA, BARACK H.",4645332.0,7722019.0,"MCCAIN, JOHN",2418323.0,658364.0,New York,60815.0,822.0,19378102.0
2008,"OBAMA, BARACK H.",2142651.0,4310851.0,"MCCAIN, JOHN",2128474.0,39726.0,North Carolina,51739.0,1020.0,9535483.0
2008,"OBAMA, BARACK H.",141278.0,316621.0,"MCCAIN, JOHN",168601.0,6742.0,North Dakota,59815.0,1432.0,672591.0
2008,"OBAMA, BARACK H.",2940044.0,5708350.0,"MCCAIN, JOHN",2677820.0,90486.0,Ohio,56564.0,1022.0,11536504.0
2008,"OBAMA, BARACK H.",1037291.0,1827864.0,"MCCAIN, JOHN",738475.0,52098.0,Oregon,62341.0,1656.0,3831074.0
2008,"OBAMA, BARACK H.",3276363.0,6013272.0,"MCCAIN, JOHN",2655885.0,81024.0,Pennsylvania,61949.0,710.0,12702379.0
2008,"OBAMA, BARACK H.",296571.0,471766.0,"MCCAIN, JOHN",165391.0,9804.0,Rhode Island,64165.0,2891.0,1052567.0
2008,"OBAMA, BARACK H.",862449.0,1920969.0,"MCCAIN, JOHN",1034896.0,23624.0,South Carolina,50805.0,1351.0,4625364.0
2008,"OBAMA, BARACK H.",170924.0,381975.0,"MCCAIN, JOHN",203054.0,7997.0,South Dakota,62188.0,1199.0,814180.0
2008,"OBAMA, BARACK H.",1087437.0,2599749.0,"MCCAIN, JOHN",1479178.0,33134.0,Tennessee,47848.0,1459.0,6346105.0
2008,"OBAMA, BARACK H.",3528633.0,8077795.0,"MCCAIN, JOHN",4479328.0,69834.0,Texas,56029.0,812.0,25145561.0
2008,"OBAMA, BARACK H.",327670.0,952370.0,"MCCAIN, JOHN",596030.0,28670.0,Utah,75369.0,1839.0,2763885.0
2008,"OBAMA, BARACK H.",219262.0,325046.0,"MCCAIN, JOHN",98974.0,6810.0,Vermont,61110.0,1183.0,625741.0
2008,"OBAMA, BARACK H.",1959532.0,3723260.0,"MCCAIN, JOHN",1725005.0,38723.0,Virginia,74703.0,1744.0,8001024.0
2008,"OBAMA, BARACK H.",1750848.0,3036878.0,"MCCAIN, JOHN",1229216.0,56814.0,Washington,68251.0,2436.0,6724540.0
2008,"OBAMA, BARACK H.",303857.0,713451.0,"MCCAIN, JOHN",397466.0,12128.0,West Virginia,45790.0,1692.0,1852994.0
2008,"OBAMA, BARACK H.",1677211.0,2983417.0,"MCCAIN, JOHN",1262393.0,43813.0,Wisconsin,61705.0,1027.0,5686986.0
2008,"OBAMA, BARACK H.",82868.0,254904.0,"MCCAIN, JOHN",164958.0,7078.0,Wyoming,64281.0,1901.0,563626.0
2012,"OBAMA, BARACK H.",795696.0,2074338.0,"ROMNEY, MITT",1255925.0,22717.0,Alabama,49092.0,2856.0,4779736.0
2012,"OBAMA, BARACK H.",122640.0,300495.0,"ROMNEY, MITT",164676.0,13179.0,Alaska,71889.0,3207.0,710231.0
2012,"OBAMA, BARACK H.",1025232.0,2299254.0,"ROMNEY, MITT",1233654.0,40368.0,Arizona,53135.0,3300.0,6392017.0
2012,"OBAMA, BARACK H.",394409.0,1069468.0,"ROMNEY, MITT",647744.0,27315.0,Arkansas,44070.0,3176.0,2915918.0
2012,"OBAMA, BARACK H.",7854285.0,13038547.0,"ROMNEY, MITT",4839958.0,344304.0,California,64403.0,1398.0,37253956.0
2012,"OBAMA, BARACK H.",1323101.0,2569516.0,"ROMNEY, MITT",1185243.0,61172.0,Colorado,64668.0,3059.0,5029196.0
2012,"OBAMA, BARACK H.",905083.0,1558204.0,"ROMNEY, MITT",634892.0,18229.0,Connecticut,72566.0,3222.0,3574097.0
2012,"OBAMA, BARACK H.",242584.0,413890.0,"ROMNEY, MITT",165484.0,5822.0,Delaware,55313.0,2232.0,897934.0
2012,"OBAMA, BARACK H.",4237756.0,8474179.0,"ROMNEY, MITT",4163447.0,72976.0,Florida,52036.0,1254.0,18801310.0
2012,"OBAMA, BARACK H.",1773827.0,3897839.0,"ROMNEY, MITT",2078688.0,45324.0,Georgia,54352.0,1699.0,9687653.0
2012,"OBAMA, BARACK H.",306658.0,437159.0,"ROMNEY, MITT",121015.0,9486.0,Hawaii,63548.0,2547.0,1360301.0
2012,"OBAMA, BARACK H.",212787.0,652274.0,"ROMNEY, MITT",420911.0,18576.0,Idaho,54127.0,3584.0,1567582.0
2012,"OBAMA, BARACK H.",3019512.0,5242014.0,"ROMNEY, MITT",2135216.0,87286.0,Illinois,58437.0,1500.0,12830632.0
2012,"OBAMA, BARACK H.",1152887.0,2624534.0,"ROMNEY, MITT",1420543.0,51104.0,Indiana,52135.0,2018.0,6483802.0
2012,"OBAMA, BARACK H.",822544.0,1582180.0,"ROMNEY, MITT",730617.0,29019.0,Iowa,60362.0,2415.0,3046355.0
2012,"OBAMA, BARACK H.",440726.0,1159971.0,"ROMNEY, MITT",692634.0,26611.0,Kansas,56477.0,2047.0,2853118.0
2012,"OBAMA, BARACK H.",679370.0,1797212.0,"ROMNEY, MITT",1087190.0,30652.0,Kentucky,46406.0,2146.0,4339367.0
2012,"OBAMA, BARACK H.",809141.0,1994065.0,"ROMNEY, MITT",1152262.0,32662.0,Louisiana,44146.0,1820.0,4533372.0
2012,"OBAMA, BARACK H.",401306.0,724758.0,"ROMNEY, MITT",292276.0,31176.0,Maine,55523.0,2538.0,1328361.0
2012,"OBAMA, BARACK H.",1677844.0,2707327.0,"ROMNEY, MITT",971869.0,57614.0,Maryland,81137.0,2091.0,5773552.0
2012,"OBAMA, BARACK H.",1921290.0,3184196.0,"ROMNEY, MITT",1188314.0,74592.0,Massachusetts,71898.0,4262.0,6547629.0
2012,"OBAMA, BARACK H.",2564569.0,4730961.0,"ROMNEY, MITT",2115256.0,51136.0,Michigan,56491.0,1711.0,9883640.0
2012,"OBAMA, BARACK H.",1546167.0,2936561.0,"ROMNEY, MITT",1320225.0,70169.0,Minnesota,69796.0,1512.0,5303925.0
2012,"OBAMA, BARACK H.",562949.0,1285584.0,"ROMNEY, MITT",710746.0,11889.0,Mississippi,41385.0,1746.0,2967297.0
2012,"OBAMA, BARACK H.",1223796.0,2757323.0,"ROMNEY, MITT",1482440.0,51087.0,Missouri,56208.0,2306.0,5988927.0
2012,"OBAMA, BARACK H.",201839.0,484048.0,"ROMNEY, MITT",267928.0,14281.0,Montana,50926.0,2897.0,989415.0
2012,"OBAMA, BARACK H.",302081.0,794379.0,"ROMNEY, MITT",475064.0,17234.0,Nebraska,58954.0,3048.0,1826341.0
2012,"OBAMA, BARACK H.",531373.0,1014918.0,"ROMNEY, MITT",463567.0,19978.0,Nevada,53462.0,2861.0,2700551.0
2012,"OBAMA, BARACK H.",369561.0,710972.0,"ROMNEY, MITT",329918.0,11493.0,New Hampshire,76600.0,2512.0,1316470.0
2012,"OBAMA, BARACK H.",2122786.0,3638499.0,"ROMNEY, MITT",1478088.0,37625.0,New Jersey,75327.0,2214.0,8791894.0
2012,"OBAMA, BARACK H.",415335.0,783758.0,"ROMNEY, MITT",335788.0,32635.0,New Mexico,49047.0,2561.0,2059179.0
2012,"OBAMA, BARACK H.",4324228.0,7116784.0,"ROMNEY, MITT",2223397.0,569159.0,New York,53854.0,1790.0,19378102.0
2012,"OBAMA, BARACK H.",2178391.0,4505372.0,"ROMNEY, MITT",2270395.0,56586.0,North Carolina,46933.0,1462.0,9535483.0
2012,"OBAMA, BARACK H.",124966.0,322932.0,"ROMNEY, MITT",188320.0,9646.0,North Dakota,62987.0,2398.0,672591.0
2012,"OBAMA, BARACK H.",2827621.0,5580822.0,"ROMNEY, MITT",2661407.0,91794.0,Ohio,50121.0,1946.0,11536504.0
2012,"OBAMA, BARACK H.",970488.0,1789270.0,"ROMNEY, MITT",754175.0,64607.0,Oregon,58479.0,2632.0,3831074.0
2012,"OBAMA, BARACK H.",2990274.0,5742040.0,"ROMNEY, MITT",2680434.0,71332.0,Pennsylvania,58625.0,1587.0,12702379.0
2012,"OBAMA, BARACK H.",279677.0,446049.0,"ROMNEY, MITT",157204.0,9168.0,Rhode Island,63324.0,2893.0,1052567.0
2012,"OBAMA, BARACK H.",865941.0,1964118.0,"ROMNEY, MITT",1071645.0,26532.0,South Carolina,50150.0,2436.0,4625364.0
2012,"OBAMA, BARACK H.",145039.0,363815.0,"ROMNEY, MITT",210610.0,8166.0,South Dakota,55813.0,1926.0,814180.0
2012,"OBAMA, BARACK H.",960709.0,2458577.0,"ROMNEY, MITT",1462330.0,35538.0,Tennessee,48562.0,2719.0,6346105.0
2012,"OBAMA, BARACK H.",3308124.0,7993851.0,"ROMNEY, MITT",4569843.0,115884.0,Texas,58649.0,1073.0,25145561.0
2012,"OBAMA, BARACK H.",251813.0,1017440.0,"ROMNEY, MITT",740600.0,25027.0,Utah,65895.0,3325.0,2763885.0
2012,"OBAMA, BARACK H.",199239.0,299290.0,"ROMNEY, MITT",92698.0,7353.0,Vermont,62779.0,3422.0,625741.0
2012,"OBAMA, BARACK H.",1971820.0,3854489.0,"ROMNEY, MITT",1822522.0,60147.0,Virginia,73001.0,2446.0,8001024.0
2012,"OBAMA, BARACK H.",1755396.0,3125516.0,"MITT, ROMNEY",1290670.0,79450.0,Washington,70239.0,2540.0,6724540.0
2012,"OBAMA, BARACK H.",238269.0,670438.0,"ROMNEY, MITT",417655.0,14514.0,West Virginia,49192.0,3133.0,1852994.0
2012,"OBAMA, BARACK H.",1620985.0,3071434.0,"ROMNEY, MITT",1410966.0,39483.0,Wisconsin,59952.0,1930.0,5686986.0
2012,"OBAMA, BARACK H.",69286.0,250701.0,"ROMNEY, MITT",170962.0,10453.0,Wyoming,64959.0,3185.0,563626.0
2016,"CLINTON, HILLARY",729547.0,2123372.0,"TRUMP, DONALD J.",1318255.0,75570.0,Alabama,50936.0,2482.0,5024279.0
2016,"CLINTON, HILLARY",116454.0,318608.0,"TRUMP, DONALD J.",163387.0,38767.0,Alaska,81680.0,4407.0,733391.0
2016,"CLINTON, HILLARY",1161167.0,2573165.0,"TRUMP, DONALD J.",1252401.0,159555.0,Arizona,61592.0,2126.0,7151502.0
2016,"CLINTON, HILLARY",380494.0,1130635.0,"TRUMP, DONALD J.",684872.0,65269.0,Arkansas,49518.0,2335.0,3011524.0
2016,"CLINTON, HILLARY",8753788.0,14181595.0,"TRUMP, DONALD J.",4483810.0,943997.0,California,71879.0,1160.0,39538223.0
2016,"CLINTON, HILLARY",1338870.0,2780220.0,"TRUMP, DONALD J.",1202484.0,238866.0,Colorado,76117.0,4449.0,5773714.0
2016,"CLINTON, HILLARY",897572.0,1644920.0,"TRUMP, DONALD J.",673215.0,74133.0,Connecticut,81895.0,3672.0,3605944.0
2016,"CLINTON, HILLARY",235603.0,441590.0,"TRUMP, DONALD J.",185127.0,20860.0,Delaware,62612.0,3227.0,989948.0
2016,"CLINTON, HILLARY",4504975.0,9420039.0,"TRUMP, DONALD J.",4617886.0,297178.0,Florida,55202.0,901.0,21538187.0
2016,"CLINTON, HILLARY",1877963.0,4114732.0,"TRUMP, DONALD J.",2089104.0,147665.0,Georgia,57738.0,1811.0,10711908.0
2016,"CLINTON, HILLARY",266891.0,437664.0,"TRUMP, DONALD J.",128847.0,41926.0,Hawaii,77807.0,2707.0,1455271.0
2016,"CLINTON, HILLARY",189765.0,690255.0,"TRUMP, DONALD J.",409055.0,91435.0,Idaho,61014.0,1360.0,1839106.0
2016,"CLINTON, HILLARY",3090729.0,5536424.0,"TRUMP, DONALD J.",2146015.0,299680.0,Illinois,66215.0,1900.0,12812508.0
2016,"CLINTON, HILLARY",1033126.0,2734958.0,"TRUMP, DONALD J.",1557286.0,144546.0,Indiana,60507.0,3103.0,6785528.0
2016,"CLINTON, HILLARY",653669.0,1565580.0,"TRUMP, DONALD J.",800983.0,110928.0,Iowa,63743.0,2679.0,3190369.0
2016,"CLINTON, HILLARY",427005.0,1184402.0,"TRUMP, DONALD J.",671018.0,86379.0,Kansas,61279.0,3525.0,2937880.0
2016,"CLINTON, HILLARY",628854.0,1924149.0,"TRUMP, DONALD J.",1202971.0,92324.0,Kentucky,48938.0,2163.0,4505836.0
2016,"CLINTON, HILLARY",780154.0,2029032.0,"TRUMP, DONALD J.",1178638.0,70240.0,Louisiana,45515.0,1291.0,4657757.0
2016,"CLINTON, HILLARY",357735.0,771892.0,"TRUMP, DONALD J.",335593.0,78564.0,Maine,54857.0,3609.0,1362359.0
2016,"CLINTON, HILLARY",1677928.0,2781446.0,"TRUMP, DONALD J.",943169.0,160012.0,Maryland,79562.0,2795.0,6177224.0
2016,"CLINTON, HILLARY",1995196.0,3378821.0,"TRUMP, DONALD J.",1090893.0,292732.0,Massachusetts,77951.0,3140.0,7029917.0
2016,"CLINTON, HILLARY",2268839.0,4799284.0,"TRUMP, DONALD J.",2279543.0,250902.0,Michigan,61582.0,2058.0,10077331.0
2016,"CLINTON, HILLARY",1367705.0,2944782.0,"TRUMP, DONALD J.",1322949.0,254128.0,Minnesota,75742.0,4363.0,5706494.0
2016,"CLINTON, HILLARY",485131.0,1209357.0,"TRUMP, DONALD J.",700714.0,23512.0,Mississippi,44332.0,1322.0,2961279.0
2016,"CLINTON, HILLARY",1071068.0,2808605.0,"TRUMP, DONALD J.",1594511.0,143026.0,Missouri,59344.0,1854.0,6154913.0
2016,"CLINTON, HILLARY",177709.0,494526.0,"TRUMP, DONALD J.",279240.0,37577.0,Montana,61565.0,3107.0,1084225.0
2016,"CLINTON, HILLARY",284494.0,844227.0,"TRUMP, DONALD J.",495961.0,63772.0,Nebraska,64045.0,2889.0,1961504.0
2016,"CLINTON, HILLARY",539260.0,1125385.0,"TRUMP, DONALD J.",512058.0,74067.0,Nevada,59791.0,2305.0,3104614.0
2016,"CLINTON, HILLARY",348526.0,744296.0,"TRUMP, DONALD J.",345790.0,49980.0,New Hampshire,82259.0,3142.0,1377529.0
2016,"CLINTON, HILLARY",2148278.0,3874046.0,"TRUMP, DONALD J.",1601933.0,123835.0,New Jersey,73854.0,3093.0,9288994.0
2016,"CLINTON, HILLARY",385234.0,798319.0,"TRUMP, DONALD J.",319667.0,93418.0,New Mexico,52262.0,3194.0,2117522.0
2016,"CLINTON, HILLARY",4379789.0,7802084.0,"TRUMP, DONALD J.",2527142.0,895153.0,New York,66270.0,1516.0,20201249.0
2016,"CLINTON, HILLARY",2189316.0,4741564.0,"TRUMP, DONALD J.",2362631.0,189617.0,North Carolina,57993.0,1757.0,10439388.0
2016,"CLINTON, HILLARY",93758.0,344360.0,"TRUMP, DONALD J.",216794.0,33808.0,North Dakota,64918.0,2470.0,779094.0
2016,"CLINTON, HILLARY",2394164.0,5496487.0,"TRUMP, DONALD J.",2841005.0,261318.0,Ohio,58232.0,2043.0,11799448.0
2016,"CLINTON, HILLARY",420375.0,1452992.0,"TRUMP, DONALD J.",949136.0,83481.0,Oklahoma,54950.0,1782.0,3959353.0
2016,"CLINTON, HILLARY",1002106.0,2001336.0,"TRUMP, DONALD J.",782403.0,216827.0,Oregon,63787.0,2828.0,4237256.0
2016,"CLINTON, HILLARY",2926441.0,6115402.0,"TRUMP, DONALD J.",2970733.0,218228.0,Pennsylvania,65776.0,2196.0,13002700.0
2016,"CLINTON, HILLARY",252525.0,464144.0,"TRUMP, DONALD J.",180543.0,31076.0,Rhode Island,66368.0,3050.0,1097379.0
2016,"CLINTON, HILLARY",855373.0,2103027.0,"TRUMP, DONALD J.",1155389.0,92265.0,South Carolina,58610.0,3401.0,5118425.0
2016,"CLINTON, HILLARY",117458.0,370093.0,"TRUMP, DONALD J.",227721.0,24914.0,South Dakota,61969.0,3317.0,886667.0
2016,"CLINTON, HILLARY",870695.0,2508027.0,"TRUMP, DONALD J.",1522925.0,114407.0,Tennessee,55383.0,1496.0,6910840.0
2016,"CLINTON, HILLARY",3877868.0,8969226.0,"TRUMP, DONALD J.",4685047.0,406311.0,Texas,62720.0,1518.0,29145505.0
2016,"CLINTON, HILLARY",310674.0,1131317.0,"TRUMP, DONALD J.",515211.0,305432.0,Utah,72789.0,2413.0,3271616.0
2016,"CLINTON, HILLARY",178573.0,320467.0,"TRUMP, DONALD J.",95369.0,46525.0,Vermont,65623.0,1471.0,643077.0
2016,"CLINTON, HILLARY",1981473.0,3982752.0,"TRUMP, DONALD J.",1769443.0,231836.0,Virginia,71678.0,2628.0,8631393.0
2016,"CLINTON, HILLARY",1742718.0,3317019.0,"TRUMP, DONALD J.",1221747.0,352554.0,Washington,75841.0,2257.0,7705281.0
2016,"CLINTON, HILLARY",188794.0,713051.0,"TRUMP, DONALD J.",489371.0,34886.0,West Virginia,47843.0,2151.0,1793716.0
2016,"CLINTON, HILLARY",1382536.0,2976150.0,"TRUMP, DONALD J.",1405284.0,188330.0,Wisconsin,64522.0,1990.0,5893718.0
2016,"CLINTON, HILLARY",55973.0,258788.0,"TRUMP, DONALD J.",174419.0,28396.0,Wyoming,62378.0,3368.0,576851.0
2020,"BIDEN, JOSEPH R. JR",849624.0,2323282.0,"TRUMP, DONALD J.",1441170.0,32488.0,Alabama,54393.0,2587.0,5024279.0
2020,"BIDEN, JOSEPH R. JR",153778.0,359530.0,"TRUMP, DONALD J.",189951.0,15801.0,Alaska,74476.0,3570.0,733391.0
2020,"BIDEN, JOSEPH R. JR",1672143.0,3387326.0,"TRUMP, DONALD J.",1661686.0,53497.0,Arizona,66628.0,3534.0,7151502.0
2020,"BIDEN, JOSEPH R. JR",423932.0,1219069.0,"TRUMP, DONALD J.",760647.0,34490.0,Arkansas,50540.0,1992.0,3011524.0
2020,"BIDEN, JOSEPH R. JR",11110250.0,17500881.0,"TRUMP, DONALD J.",6006429.0,384202.0,California,77358.0,1351.0,39538223.0
2020,"BIDEN, JOSEPH R. JR",1804352.0,3279980.0,"TRUMP, DONALD J.",1364607.0,111021.0,Colorado,82611.0,6144.0,5773714.0
2020,"BIDEN, JOSEPH R. JR",1080831.0,1823857.0,"TRUMP, DONALD J.",714717.0,28309.0,Connecticut,79043.0,3601.0,3605944.0
2020,"BIDEN, JOSEPH R. JR",296268.0,504346.0,"TRUMP, DONALD J.",200603.0,7475.0,Delaware,69132.0,5258.0,989948.0
2020,"BIDEN, JOSEPH R. JR",5297045.0,11067456.0,"TRUMP, DONALD J.",5668731.0,101680.0,Florida,57435.0,1766.0,21538187.0
2020,"BIDEN, JOSEPH R. JR",2473633.0,4999960.0,"TRUMP, DONALD J.",2461854.0,64473.0,Georgia,58952.0,2080.0,10711908.0
2020,"BIDEN, JOSEPH R. JR",366130.0,579784.0,"TRUMP, DONALD J.",196864.0,16790.0,Hawaii,80729.0,2487.0,1455271.0
2020,"BIDEN, JOSEPH R. JR",287021.0,868014.0,"TRUMP, DONALD J.",554119.0,26874.0,Idaho,66499.0,1961.0,1839106.0
2020,"BIDEN, JOSEPH R. JR",3471915.0,6033743.0,"TRUMP, DONALD J.",2446891.0,114937.0,Illinois,73753.0,2335.0,12812508.0
2020,"BIDEN, JOSEPH R. JR",1242416.0,3033118.0,"TRUMP, DONALD J.",1729519.0,61183.0,Indiana,66360.0,4086.0,6785528.0
2020,"BIDEN, JOSEPH R. JR",759061.0,1700130.0,"TRUMP, DONALD J.",897672.0,43397.0,Iowa,68469.0,3475.0,3190369.0
2020,"BIDEN, JOSEPH R. JR",570323.0,1372303.0,"TRUMP, DONALD J.",771406.0,30574.0,Kansas,72815.0,3671.0,2937880.0
2020,"BIDEN, JOSEPH R. JR",772474.0,2136768.0,"TRUMP, DONALD J.",1326646.0,37648.0,Kentucky,56525.0,2361.0,4505836.0
2020,"BIDEN, JOSEPH R. JR",856034.0,2148062.0,"TRUMP, DONALD J.",1255776.0,36252.0,Louisiana,50935.0,1637.0,4657757.0
2020,"BIDEN, JOSEPH R. JR",435072.0,828305.0,"TRUMP, DONALD J.",360737.0,32496.0,Maine,63440.0,3198.0,1362359.0
2020,"BIDEN, JOSEPH R. JR",1985023.0,3037030.0,"TRUMP, DONALD J.",976414.0,75593.0,Maryland,94384.0,4208.0,6177224.0
2020,"BIDEN, JOSEPH R. JR",2382202.0,3658005.0,"TRUMP, DONALD J.",1167202.0,108601.0,Massachusetts,86725.0,6349.0,7029917.0
2020,"BIDEN, JOSEPH R. JR",2804040.0,5539302.0,"TRUMP, DONALD J.",2649852.0,85410.0,Michigan,63829.0,3320.0,10077331.0
2020,"BIDEN, JOSEPH R. JR",1717077.0,3277171.0,"TRUMP, DONALD J.",1484065.0,76029.0,Minnesota,78461.0,3498.0,5706494.0
2020,"BIDEN, JOSEPH R. JR",539398.0,1313759.0,"TRUMP, DONALD J.",756764.0,17597.0,Mississippi,44966.0,2695.0,2961279.0
2020,"BIDEN, JOSEPH R. JR",1253014.0,3025962.0,"TRUMP, DONALD J.",1718736.0,54212.0,Missouri,61901.0,2594.0,6154913.0
2020,"BIDEN, JOSEPH R. JR",244786.0,603674.0,"TRUMP, DONALD J.",343602.0,15286.0,Montana,56442.0,2479.0,1084225.0
2020,"BIDEN, JOSEPH R. JR",374583.0,956383.0,"TRUMP, DONALD J.",556846.0,24954.0,Nebraska,72024.0,2409.0,1961504.0
2020,"BIDEN, JOSEPH R. JR",703486.0,1405376.0,"TRUMP, DONALD J.",669890.0,32000.0,Nevada,60956.0,2448.0,3104614.0
2020,"BIDEN, JOSEPH R. JR",424921.0,806182.0,"TRUMP, DONALD J.",365654.0,15607.0,New Hampshire,88235.0,3325.0,1377529.0
2020,"BIDEN, JOSEPH R. JR",2608335.0,4549353.0,"TRUMP, DONALD J.",1883274.0,57744.0,New Jersey,85239.0,4164.0,9288994.0
2020,"BIDEN, JOSEPH R. JR",501614.0,923965.0,"TRUMP, DONALD J.",401894.0,20457.0,New Mexico,50822.0,1732.0,2117522.0
2020,"BIDEN, JOSEPH R. JR",5230985.0,8661735.0,"TRUMP, DONALD J.",3244798.0,185952.0,New York,68304.0,2384.0,20201249.0
2020,"BIDEN, JOSEPH R. JR",2684292.0,5524802.0,"TRUMP, DONALD J.",2758773.0,81737.0,North Carolina,60266.0,1823.0,10439388.0
2020,"BIDEN, JOSEPH R. JR",114902.0,361819.0,"TRUMP, DONALD J.",235595.0,11322.0,North Dakota,63657.0,2312.0,779094.0
2020,"BIDEN, JOSEPH R. JR",2679165.0,5922202.0,"TRUMP, DONALD J.",3154834.0,88203.0,Ohio,60110.0,1577.0,11799448.0
2020,"BIDEN, JOSEPH R. JR",503890.0,1560699.0,"TRUMP, DONALD J.",1020280.0,36529.0,Oklahoma,52341.0,1785.0,3959353.0
2020,"BIDEN, JOSEPH R. JR",1340383.0,2374321.0,"TRUMP, DONALD J.",958448.0,75490.0,Oregon,76554.0,3465.0,4237256.0
2020,"BIDEN, JOSEPH R. JR",3458229.0,6915283.0,"TRUMP, DONALD J.",3377674.0,79380.0,Pennsylvania,70117.0,3524.0,13002700.0
2020,"BIDEN, JOSEPH R. JR",307486.0,516990.0,"TRUMP, DONALD J.",199922.0,9582.0,Rhode Island,80012.0,3430.0,1097379.0
2020,"BIDEN, JOSEPH R. JR",1091541.0,2514096.0,"TRUMP, DONALD J.",1385103.0,37452.0,South Carolina,60097.0,2037.0,5118425.0
2020,"BIDEN, JOSEPH R. JR",150471.0,422609.0,"TRUMP, DONALD J.",261043.0,11095.0,South Dakota,69787.0,4317.0,886667.0
2020,"BIDEN, JOSEPH R. JR",1143711.0,3053851.0,"TRUMP, DONALD J.",1852475.0,57665.0,Tennessee,54665.0,1803.0,6910840.0
2020,"BIDEN, JOSEPH R. JR",5259126.0,11315056.0,"TRUMP, DONALD J.",5890347.0,165583.0,Texas,68093.0,1914.0,29145505.0
2020,"BIDEN, JOSEPH R. JR",560282.0,1488289.0,"TRUMP, DONALD J.",865140.0,62867.0,Utah,83670.0,2981.0,3271616.0
2020,"BIDEN, JOSEPH R. JR",242820.0,370968.0,"TRUMP, DONALD J.",112704.0,15444.0,Vermont,66902.0,4046.0,643077.0
2020,"BIDEN, JOSEPH R. JR",2413568.0,4460524.0,"TRUMP, DONALD J.",1962430.0,84526.0,Virginia,81947.0,3172.0,8631393.0
2020,"BIDEN, JOSEPH R. JR",2369612.0,4087631.0,"TRUMP, DONALD J.",1584651.0,133368.0,Washington,81083.0,3095.0,7705281.0
2020,"BIDEN, JOSEPH R. JR",235984.0,794652.0,"TRUMP, DONALD J.",545382.0,13286.0,West Virginia,51615.0,2177.0,1793716.0
2020,"BIDEN, JOSEPH R. JR",1630866.0,3298041.0,"TRUMP, DONALD J.",1610184.0,56991.0,Wisconsin,67094.0,4690.0,5893718.0
2020,"BIDEN, JOSEPH R. JR",73491.0,278503.0,"TRUMP, DONALD J.",193559.0,11453.0,Wyoming,65108.0,2152.0,576851.0
