YEAR,DEM_CANDIDATE,DEM_VOTES,TOTALVOTES,REP_CANDIDATE,REP_VOTES,THIRD_PARTY_VOTES,STATE,MEDIAN_INCOME,STANDARD_ERROR,POPULATION,NETVOTES,WINNER,INCUMBENT,HOUSE,SENATE,DEM_SPENDING,REP_SPENDING,VEP_PCT_TURNOUT,TOTAL_ELIGIBLE_POPULATION,NET_VOTES_PCT
1984,"MONDALE, WALTER",551899.0,1441713.0,"REAGAN, RONALD",872849.0,16965.0,Alabama,41190.0,1440.0,3951824.0,-320950.0,0,0,1,0,196886781.63,192307966.66,0.509,2831099.0,-0.2226171228254167
1984,"MONDALE, WALTER",120347.0,388904.0,"REAGAN, RONALD",267050.0,1507.0,New Hampshire,61663.0,1749.0,976863.0,-146703.0,0,0,1,0,196886781.63,192307966.66,0.541,718967.0,-0.3772216279595993
1984,"MONDALE, WALTER",1261323.0,3217862.0,"REAGAN, RONALD",1933630.0,22909.0,New Jersey,66094.0,1904.0,7515474.0,-672307.0,0,0,1,0,196886781.63,192307966.66,0.605,5318696.0,-0.20892971793072543
1984,"MONDALE, WALTER",201769.0,514370.0,"REAGAN, RONALD",307101.0,5500.0,New Mexico,49090.0,2449.0,1416719.0,-105332.0,0,0,1,0,196886781.63,192307966.66,0.538,956246.0,-0.20477866127495772
1984,"MONDALE, WALTER",3001285.0,6806810.0,"REAGAN, RONALD",3376519.0,429006.0,New York,52414.0,992.0,17745676.0,-375234.0,0,0,1,0,196886781.63,192307966.66,0.556,12232120.0,-0.05512626325694415
1984,"MONDALE, WALTER",824287.0,2175361.0,"REAGAN, RONALD",1346481.0,4593.0,North Carolina,48944.0,1525.0,6164004.0,-522194.0,0,0,1,0,196886781.63,192307966.66,0.482,4512013.0,-0.24004935272812192
1984,"MONDALE, WALTER",104429.0,308971.0,"REAGAN, RONALD",200336.0,4206.0,North Dakota,49425.0,2470.0,680499.0,-95907.0,0,0,1,0,196886781.63,192307966.66,0.64,482655.0,-0.31040777289778004
1984,"MONDALE, WALTER",1825440.0,4563235.0,"REAGAN, RONALD",2678559.0,59236.0,Ohio,55022.0,1171.0,10737743.0,-853119.0,0,0,1,0,196886781.63,192307966.66,0.588,7732456.0,-0.18695486864033958
1984,"MONDALE, WALTER",385080.0,1255676.0,"REAGAN, RONALD",861530.0,9066.0,Oklahoma,50322.0,1708.0,3285535.0,-476450.0,0,0,1,0,196886781.63,192307966.66,0.54,2324445.0,-0.3794370522332194
1984,"MONDALE, WALTER",536479.0,1226527.0,"REAGAN, RONALD",685700.0,4348.0,Oregon,50919.0,1773.0,2666589.0,-149221.0,0,0,1,0,196886781.63,192307966.66,0.643,1906880.0,-0.12166140655688787
1984,"MONDALE, WALTER",197106.0,410489.0,"REAGAN, RONALD",212080.0,1303.0,Rhode Island,51426.0,2018.0,961895.0,-14974.0,0,0,1,0,196886781.63,192307966.66,0.588,697537.0,-0.036478444002153526
1984,"MONDALE, WALTER",91655.0,282717.0,"REAGAN, RONALD",188770.0,2292.0,Nevada,61335.0,2422.0,924921.0,-97115.0,0,0,1,0,196886781.63,192307966.66,0.436,656862.0,-0.34350605021983116
1984,"MONDALE, WALTER",344459.0,968529.0,"REAGAN, RONALD",615539.0,8531.0,South Carolina,48326.0,2222.0,3271864.0,-271080.0,0,0,1,0,196886781.63,192307966.66,0.416,2329080.0,-0.27988836679128865
1984,"MONDALE, WALTER",711714.0,1711993.0,"REAGAN, RONALD",990212.0,10067.0,Tennessee,39933.0,1371.0,4686743.0,-278498.0,0,0,1,0,196886781.63,192307966.66,0.501,3415760.0,-0.16267473056256657
1984,"MONDALE, WALTER",1949276.0,5397571.0,"REAGAN, RONALD",3433428.0,14867.0,Texas,54786.0,1268.0,16007088.0,-1484152.0,0,0,1,0,196886781.63,192307966.66,0.51,10582774.0,-0.274966647034379
1984,"MONDALE, WALTER",155369.0,629656.0,"REAGAN, RONALD",469105.0,5182.0,Utah,54865.0,1749.0,1622342.0,-313736.0,0,0,1,0,196886781.63,192307966.66,0.63,998820.0,-0.4982657196945634
1984,"MONDALE, WALTER",95730.0,234561.0,"REAGAN, RONALD",135865.0,2966.0,Vermont,53725.0,2339.0,526658.0,-40135.0,0,0,1,0,196886781.63,192307966.66,0.615,381479.0,-0.17110687624967494
1984,"MONDALE, WALTER",796250.0,2146635.0,"REAGAN, RONALD",1337078.0,13307.0,Virginia,63117.0,2080.0,5643868.0,-540828.0,0,0,1,0,196886781.63,192307966.66,0.524,4100160.0,-0.2519422258558162
1984,"MONDALE, WALTER",798352.0,1874910.0,"REAGAN, RONALD",1051670.0,24888.0,Washington,59529.0,1958.0,4343657.0,-253318.0,0,0,1,0,196886781.63,192307966.66,0.613,3072714.0,-0.13510941858542544
1984,"MONDALE, WALTER",328125.0,735742.0,"REAGAN, RONALD",405483.0,2134.0,West Virginia,40078.0,1447.0,1927696.0,-77358.0,0,0,1,0,196886781.63,192307966.66,0.529,1391427.0,-0.10514283539610353
1984,"MONDALE, WALTER",995740.0,2211689.0,"REAGAN, RONALD",1198584.0,17365.0,Wisconsin,49358.0,1954.0,4735571.0,-202844.0,0,0,1,0,196886781.63,192307966.66,0.649,3409202.0,-0.09171452224973764
1984,"MONDALE, WALTER",53370.0,188968.0,"REAGAN, RONALD",133241.0,2357.0,Wyoming,56671.0,1739.0,504895.0,-79871.0,0,0,1,0,196886781.63,192307966.66,0.558,338733.0,-0.42266944667880274
1984,"MONDALE, WALTER",848583.0,2122771.0,"REAGAN, RONALD",1274188.0,0.0,Missouri,49435.0,1701.0,4975276.0,-425605.0,0,0,1,0,196886781.63,192307966.66,0.587,3617948.0,-0.2004950133575407
1984,"MONDALE, WALTER",116113.0,317867.0,"REAGAN, RONALD",200267.0,1487.0,South Dakota,46184.0,2208.0,697250.0,-84154.0,0,0,1,0,196886781.63,192307966.66,0.643,494651.0,-0.26474594720433386
1984,"MONDALE, WALTER",187866.0,652090.0,"REAGAN, RONALD",460054.0,4170.0,Nebraska,50915.0,1820.0,1588638.0,-272188.0,0,0,1,0,196886781.63,192307966.66,0.575,1135012.0,-0.41740863991166866
1984,"MONDALE, WALTER",2228131.0,4844903.0,"REAGAN, RONALD",2584323.0,32449.0,Pennsylvania,48414.0,1187.0,11815175.0,-356192.0,0,0,1,0,196886781.63,192307966.66,0.551,8790815.0,-0.07351891255614405
1984,"MONDALE, WALTER",352192.0,941104.0,"REAGAN, RONALD",582377.0,6535.0,Mississippi,36716.0,1742.0,2578053.0,-230185.0,0,0,1,0,196886781.63,192307966.66,0.533,1766654.0,-0.24459039596048895
1984,"MONDALE, WALTER",146742.0,384377.0,"REAGAN, RONALD",232450.0,5185.0,Montana,46486.0,1713.0,820904.0,-85708.0,0,0,1,0,196886781.63,192307966.66,0.664,578925.0,-0.22297900238567864
1984,"MONDALE, WALTER",333854.0,1025897.0,"REAGAN, RONALD",681416.0,10627.0,Arizona,50981.0,1449.0,3067134.0,-347562.0,0,0,1,0,196886781.63,192307966.66,0.477,2151391.0,-0.3387883968858472
1984,"MONDALE, WALTER",338646.0,884406.0,"REAGAN, RONALD",534774.0,10986.0,Arkansas,37297.0,1780.0,2319767.0,-196128.0,0,0,1,0,196886781.63,192307966.66,0.53,1668136.0,-0.22176240324014085
1984,"MONDALE, WALTER",3922519.0,9505041.0,"REAGAN, RONALD",5467009.0,115513.0,California,60171.0,866.0,25844397.0,-1544490.0,0,0,1,0,196886781.63,192307966.66,0.572,16618345.0,-0.1624916715246152
1984,"MONDALE, WALTER",454975.0,1295380.0,"REAGAN, RONALD",821817.0,18588.0,Colorado,61394.0,1916.0,3169995.0,-366842.0,0,0,1,0,196886781.63,192307966.66,0.571,2267668.0,-0.2831925766956414
1984,"MONDALE, WALTER",569597.0,1466900.0,"REAGAN, RONALD",890877.0,6426.0,Connecticut,71269.0,2946.0,3180014.0,-321280.0,0,0,1,0,196886781.63,192307966.66,0.638,2300533.0,-0.21901970141113913
1984,"MONDALE, WALTER",101656.0,254572.0,"REAGAN, RONALD",152190.0,726.0,Delaware,61437.0,2444.0,611565.0,-50534.0,0,0,1,0,196886781.63,192307966.66,0.575,442354.0,-0.19850572725987148
1984,"MONDALE, WALTER",1448816.0,4180051.0,"REAGAN, RONALD",2730350.0,885.0,Florida,47079.0,1114.0,11039925.0,-1281534.0,0,0,1,0,196886781.63,192307966.66,0.524,7976805.0,-0.3065833407295748
1984,"MONDALE, WALTER",706628.0,1776103.0,"REAGAN, RONALD",1068722.0,753.0,Georgia,47552.0,1939.0,5834943.0,-362094.0,0,0,1,0,196886781.63,192307966.66,0.431,4119852.0,-0.2038699332189631
1984,"MONDALE, WALTER",147154.0,335846.0,"REAGAN, RONALD",185050.0,3642.0,Hawaii,68714.0,2894.0,1027922.0,-37896.0,0,0,1,0,196886781.63,192307966.66,0.484,694187.0,-0.11283743144179177
1984,"MONDALE, WALTER",108510.0,411144.0,"REAGAN, RONALD",297523.0,5111.0,Idaho,50189.0,2291.0,990841.0,-189013.0,0,0,1,0,196886781.63,192307966.66,0.62,662771.0,-0.4597245733854805
1984,"MONDALE, WALTER",62007.0,207605.0,"REAGAN, RONALD",138377.0,7221.0,Alaska,76992.0,3505.0,513704.0,-76370.0,0,0,1,0,196886781.63,192307966.66,0.605,343030.0,-0.36786204571180847
1984,"MONDALE, WALTER",841481.0,2233069.0,"REAGAN, RONALD",1377230.0,14358.0,Indiana,54182.0,1689.0,5458322.0,-535749.0,0,0,1,0,196886781.63,192307966.66,0.57,3916362.0,-0.23991600796930143
1984,"MONDALE, WALTER",2086499.0,4819088.0,"REAGAN, RONALD",2707103.0,25486.0,Illinois,56518.0,1349.0,11412128.0,-620604.0,0,0,1,0,196886781.63,192307966.66,0.608,7922605.0,-0.12878038334224234
1984,"MONDALE, WALTER",1529638.0,3801658.0,"REAGAN, RONALD",2251571.0,20449.0,Michigan,54646.0,1511.0,9049454.0,-721933.0,0,0,1,0,196886781.63,192307966.66,0.593,6407156.0,-0.18989951226543786
1984,"MONDALE, WALTER",1239606.0,2559383.0,"REAGAN, RONALD",1310936.0,8841.0,Massachusetts,64150.0,1649.0,5840774.0,-71330.0,0,0,1,0,196886781.63,192307966.66,0.599,4273437.0,-0.027869998355072298
1984,"MONDALE, WALTER",787935.0,1675873.0,"REAGAN, RONALD",879918.0,8020.0,Maryland,70691.0,2739.0,4365246.0,-91983.0,0,0,1,0,196886781.63,192307966.66,0.538,3113967.0,-0.05488661730333981
1984,"MONDALE, WALTER",214515.0,553144.0,"REAGAN, RONALD",336500.0,2129.0,Maine,49132.0,2104.0,1155634.0,-121985.0,0,0,1,0,196886781.63,192307966.66,0.658,840251.0,-0.22053027783000448
1984,"MONDALE, WALTER",1036364.0,2084449.0,"REAGAN, RONALD",1032603.0,15482.0,Minnesota,58146.0,2175.0,4157704.0,3761.0,1,0,1,0,196886781.63,192307966.66,0.699,2982015.0,0.0018043137538985123
1984,"MONDALE, WALTER",539539.0,1369345.0,"REAGAN, RONALD",821702.0,8104.0,Kentucky,42070.0,2568.0,3695459.0,-282163.0,0,0,1,0,196886781.63,192307966.66,0.518,2643027.0,-0.2060569104206756
1984,"MONDALE, WALTER",333149.0,1021991.0,"REAGAN, RONALD",677296.0,11546.0,Kansas,58605.0,2170.0,2424088.0,-344147.0,0,0,1,0,196886781.63,192307966.66,0.584,1751223.0,-0.3367417129896447
1984,"MONDALE, WALTER",605620.0,1319805.0,"REAGAN, RONALD",703088.0,11097.0,Iowa,47265.0,1773.0,2858615.0,-97468.0,0,0,1,0,196886781.63,192307966.66,0.641,2057482.0,-0.07385030364334125
1984,"MONDALE, WALTER",651586.0,1706822.0,"REAGAN, RONALD",1037299.0,17937.0,Louisiana,45090.0,2094.0,4400474.0,-385713.0,0,0,1,0,196886781.63,192307966.66,0.565,3019930.0,-0.2259831429405058
1988,"DUKAKIS, MICHAEL",2194944.0,4536251.0,"BUSH, GEORGE H.W.",2300087.0,41220.0,Pennsylvania,56414.0,1048.0,11845755.0,-105143.0,0,0,1,1,192357473.44,194168461.3,0.51,8892826.0,-0.023178391142818156
1988,"DUKAKIS, MICHAEL",1320352.0,3099553.0,"BUSH, GEORGE H.W.",1743192.0,36009.0,New Jersey,76550.0,1388.0,7712333.0,-422840.0,0,0,1,1,192357473.44,194168461.3,0.57,5435008.0,-0.1364196708364077
1988,"DUKAKIS, MICHAEL",244497.0,521387.0,"BUSH, GEORGE H.W.",270341.0,6549.0,New Mexico,40706.0,1757.0,1490336.0,-25844.0,0,0,1,1,192357473.44,194168461.3,0.52,1002876.0,-0.04956778745921935
1988,"DUKAKIS, MICHAEL",3255487.0,6485683.0,"BUSH, GEORGE H.W.",2838414.0,391782.0,New York,60998.0,1409.0,17941309.0,417073.0,1,0,1,1,192357473.44,194168461.3,0.527,12300666.0,0.06430671989364882
1988,"DUKAKIS, MICHAEL",890167.0,2134370.0,"BUSH, GEORGE H.W.",1237258.0,6945.0,North Carolina,51505.0,1131.0,6480591.0,-347091.0,0,0,1,1,192357473.44,194168461.3,0.445,4794041.0,-0.16261988315053155
1988,"DUKAKIS, MICHAEL",127739.0,297261.0,"BUSH, GEORGE H.W.",166559.0,2963.0,North Dakota,50824.0,2129.0,655330.0,-38820.0,0,0,1,1,192357473.44,194168461.3,0.637,466684.0,-0.13059230776993955
1988,"DUKAKIS, MICHAEL",1939629.0,4393585.0,"BUSH, GEORGE H.W.",2416549.0,37407.0,Ohio,58520.0,1342.0,10798554.0,-476920.0,0,0,1,1,192357473.44,194168461.3,0.558,7869099.0,-0.10854916884503202
1988,"DUKAKIS, MICHAEL",163696.0,450525.0,"BUSH, GEORGE H.W.",281537.0,5292.0,New Hampshire,73044.0,2382.0,1082576.0,-117841.0,0,0,1,1,192357473.44,194168461.3,0.564,800468.0,-0.261563731202486
1988,"DUKAKIS, MICHAEL",483423.0,1171036.0,"BUSH, GEORGE H.W.",678367.0,9246.0,Oklahoma,49927.0,1595.0,3167064.0,-194944.0,0,0,1,1,192357473.44,194168461.3,0.521,2245785.0,-0.16647139797580945
1988,"DUKAKIS, MICHAEL",616206.0,1201694.0,"BUSH, GEORGE H.W.",560126.0,25362.0,Oregon,58536.0,2426.0,2741297.0,56080.0,1,0,1,1,192357473.44,194168461.3,0.606,1982355.0,0.046667454443477294
1988,"DUKAKIS, MICHAEL",225123.0,404622.0,"BUSH, GEORGE H.W.",177761.0,1738.0,Rhode Island,62954.0,3342.0,996407.0,47362.0,1,0,1,1,192357473.44,194168461.3,0.561,721773.0,0.11705245883812546
1988,"DUKAKIS, MICHAEL",207343.0,647008.0,"BUSH, GEORGE H.W.",428442.0,11223.0,Utah,55509.0,1918.0,1689372.0,-221099.0,0,0,1,1,192357473.44,194168461.3,0.62,1043170.0,-0.3417252955141204
1988,"DUKAKIS, MICHAEL",145560.0,312991.0,"BUSH, GEORGE H.W.",165415.0,2016.0,South Dakota,47031.0,1483.0,698160.0,-19855.0,0,0,1,1,192357473.44,194168461.3,0.634,494034.0,-0.0634363288401264
1988,"DUKAKIS, MICHAEL",679794.0,1636250.0,"BUSH, GEORGE H.W.",947233.0,9223.0,Tennessee,43997.0,2145.0,4822438.0,-267439.0,0,0,1,1,192357473.44,194168461.3,0.461,3551452.0,-0.163446294881589
1988,"DUKAKIS, MICHAEL",2352748.0,5427410.0,"BUSH, GEORGE H.W.",3036829.0,37833.0,Texas,52661.0,1228.0,16667040.0,-684081.0,0,0,1,1,192357473.44,194168461.3,0.501,10833436.0,-0.12604188738274794
1988,"DUKAKIS, MICHAEL",115775.0,243328.0,"BUSH, GEORGE H.W.",124331.0,3222.0,Vermont,61152.0,2272.0,549763.0,-8556.0,0,0,1,1,192357473.44,194168461.3,0.601,404795.0,-0.035162414518674384
1988,"DUKAKIS, MICHAEL",859799.0,2191609.0,"BUSH, GEORGE H.W.",1309162.0,22648.0,Virginia,68873.0,2783.0,6036908.0,-449363.0,0,0,1,1,192357473.44,194168461.3,0.498,4396900.0,-0.2050379424432004
1988,"DUKAKIS, MICHAEL",933516.0,1865253.0,"BUSH, GEORGE H.W.",903835.0,27902.0,Washington,68196.0,2173.0,4639894.0,29681.0,1,0,1,1,192357473.44,194168461.3,0.568,3282173.0,0.01591258665714517
1988,"DUKAKIS, MICHAEL",341016.0,653311.0,"BUSH, GEORGE H.W.",310065.0,2230.0,West Virginia,40827.0,1962.0,1830213.0,30951.0,1,0,1,1,192357473.44,194168461.3,0.485,1347692.0,0.04737559906384555
1988,"DUKAKIS, MICHAEL",1126794.0,2191608.0,"BUSH, GEORGE H.W.",1047499.0,17315.0,Wisconsin,62391.0,2063.0,4822391.0,79295.0,1,0,1,1,192357473.44,194168461.3,0.628,3489742.0,0.036181196637354855
1988,"DUKAKIS, MICHAEL",67113.0,176551.0,"BUSH, GEORGE H.W.",106867.0,2571.0,Wyoming,55733.0,2310.0,465103.0,-39754.0,0,0,1,1,192357473.44,194168461.3,0.56,315073.0,-0.22517006417409133
1988,"DUKAKIS, MICHAEL",132738.0,343133.0,"BUSH, GEORGE H.W.",206040.0,4355.0,Nevada,59032.0,2017.0,1075023.0,-73302.0,0,0,1,1,192357473.44,194168461.3,0.456,768131.0,-0.21362562038626423
1988,"DUKAKIS, MICHAEL",370554.0,986009.0,"BUSH, GEORGE H.W.",606443.0,9012.0,South Carolina,53864.0,2426.0,3412097.0,-235889.0,0,0,1,1,192357473.44,194168461.3,0.402,2453644.0,-0.23923615301685888
1988,"DUKAKIS, MICHAEL",259235.0,661465.0,"BUSH, GEORGE H.W.",397956.0,4274.0,Nebraska,53075.0,2025.0,1571477.0,-138721.0,0,0,1,1,192357473.44,194168461.3,0.588,1125252.0,-0.2097178233164264
1988,"DUKAKIS, MICHAEL",2215940.0,4559120.0,"BUSH, GEORGE H.W.",2310939.0,32241.0,Illinois,62283.0,1591.0,11390186.0,-94999.0,0,0,1,1,192357473.44,194168461.3,0.573,7950848.0,-0.020837135236624612
1988,"DUKAKIS, MICHAEL",1001619.0,2093228.0,"BUSH, GEORGE H.W.",1084953.0,6656.0,Missouri,49455.0,2295.0,5081737.0,-83334.0,0,0,1,1,192357473.44,194168461.3,0.566,3696905.0,-0.03981123890947379
1988,"DUKAKIS, MICHAEL",168936.0,365674.0,"BUSH, GEORGE H.W.",190412.0,6326.0,Montana,46898.0,1749.0,800200.0,-21476.0,0,0,1,1,192357473.44,194168461.3,0.644,568014.0,-0.058729906966314256
1988,"DUKAKIS, MICHAEL",72584.0,200116.0,"BUSH, GEORGE H.W.",119251.0,8281.0,Alaska,69833.0,2496.0,541984.0,-46667.0,0,0,1,1,192357473.44,194168461.3,0.564,355023.0,-0.23319974414839392
1988,"DUKAKIS, MICHAEL",454029.0,1171873.0,"BUSH, GEORGE H.W.",702541.0,15303.0,Arizona,55767.0,1778.0,3535183.0,-248512.0,0,0,1,1,192357473.44,194168461.3,0.477,2454254.0,-0.21206393525578285
1988,"DUKAKIS, MICHAEL",349237.0,827738.0,"BUSH, GEORGE H.W.",466578.0,11923.0,Arkansas,42554.0,1489.0,2342655.0,-117341.0,0,0,1,1,192357473.44,194168461.3,0.49,1689491.0,-0.1417610403291863
1988,"DUKAKIS, MICHAEL",4702233.0,9887065.0,"BUSH, GEORGE H.W.",5054917.0,129915.0,California,63893.0,1337.0,28464250.0,-352684.0,0,0,1,1,192357473.44,194168461.3,0.557,17738700.0,-0.035671253299133766
1988,"DUKAKIS, MICHAEL",621453.0,1372394.0,"BUSH, GEORGE H.W.",728177.0,22764.0,Colorado,55300.0,2711.0,3262280.0,-106724.0,0,0,1,1,192357473.44,194168461.3,0.59,2327768.0,-0.07776484012608624
1988,"DUKAKIS, MICHAEL",676584.0,1443394.0,"BUSH, GEORGE H.W.",750241.0,16569.0,Connecticut,76394.0,2728.0,3271954.0,-73657.0,0,0,1,1,192357473.44,194168461.3,0.607,2379699.0,-0.05103041858286788
1988,"DUKAKIS, MICHAEL",108647.0,249891.0,"BUSH, GEORGE H.W.",139639.0,1605.0,Delaware,64353.0,2462.0,647621.0,-30992.0,0,0,1,1,192357473.44,194168461.3,0.529,472441.0,-0.1240220736241001
1988,"DUKAKIS, MICHAEL",1656701.0,4302313.0,"BUSH, GEORGE H.W.",2618885.0,26727.0,Florida,53596.0,1002.0,12306400.0,-962184.0,0,0,1,1,192357473.44,194168461.3,0.49,8777510.0,-0.22364342157346526
1988,"DUKAKIS, MICHAEL",714792.0,1809672.0,"BUSH, GEORGE H.W.",1081331.0,13549.0,Georgia,56043.0,1890.0,6316139.0,-366539.0,0,0,1,1,192357473.44,194168461.3,0.406,4459739.0,-0.20254443899225938
1988,"DUKAKIS, MICHAEL",192364.0,354461.0,"BUSH, GEORGE H.W.",158625.0,3472.0,Hawaii,69667.0,3126.0,1079827.0,33739.0,1,0,1,1,192357473.44,194168461.3,0.479,739890.0,0.09518395535757107
1988,"DUKAKIS, MICHAEL",147272.0,408968.0,"BUSH, GEORGE H.W.",253881.0,7815.0,Idaho,49470.0,2118.0,985661.0,-106609.0,0,0,1,1,192357473.44,194168461.3,0.613,667345.0,-0.26067809706382894
1988,"DUKAKIS, MICHAEL",549506.0,1378476.0,"BUSH, GEORGE H.W.",815576.0,13394.0,Alabama,42082.0,1924.0,4023842.0,-266070.0,0,0,1,1,192357473.44,194168461.3,0.475,2901744.0,-0.19301750628955455
1988,"DUKAKIS, MICHAEL",860643.0,2168621.0,"BUSH, GEORGE H.W.",1297763.0,10215.0,Indiana,55467.0,1964.0,5491733.0,-437120.0,0,0,1,1,192357473.44,194168461.3,0.543,3996319.0,-0.2015658798840369
1988,"DUKAKIS, MICHAEL",1109471.0,2096790.0,"BUSH, GEORGE H.W.",962337.0,24982.0,Minnesota,61361.0,2196.0,4296163.0,147134.0,1,0,1,1,192357473.44,194168461.3,0.679,3087194.0,0.07017107101808001
1988,"DUKAKIS, MICHAEL",1675783.0,3669163.0,"BUSH, GEORGE H.W.",1965486.0,27894.0,Michigan,62173.0,1281.0,9218002.0,-289703.0,0,0,1,1,192357473.44,194168461.3,0.555,6608812.0,-0.07895615430549147
1988,"DUKAKIS, MICHAEL",1401415.0,2632801.0,"BUSH, GEORGE H.W.",1194635.0,36751.0,Massachusetts,70065.0,1770.0,5979983.0,206780.0,1,0,1,1,192357473.44,194168461.3,0.6,4385728.0,0.07853992762840792
1988,"DUKAKIS, MICHAEL",826304.0,1714358.0,"BUSH, GEORGE H.W.",876167.0,11887.0,Maryland,77109.0,2523.0,4657903.0,-49863.0,0,0,1,1,192357473.44,194168461.3,0.516,3325582.0,-0.029085523560423203
1988,"DUKAKIS, MICHAEL",363921.0,931527.0,"BUSH, GEORGE H.W.",557890.0,9716.0,Mississippi,38323.0,1873.0,2580349.0,-193969.0,0,0,1,1,192357473.44,194168461.3,0.52,1792847.0,-0.208226922032319
1988,"DUKAKIS, MICHAEL",717460.0,1628202.0,"BUSH, GEORGE H.W.",883702.0,27040.0,Louisiana,43240.0,3110.0,4288859.0,-166242.0,0,0,1,1,192357473.44,194168461.3,0.554,2941023.0,-0.10210158199044099
1988,"DUKAKIS, MICHAEL",580368.0,1322517.0,"BUSH, GEORGE H.W.",734281.0,7868.0,Kentucky,41995.0,1690.0,3680002.0,-153913.0,0,0,1,1,192357473.44,194168461.3,0.493,2680364.0,-0.11637884427950643
1988,"DUKAKIS, MICHAEL",422636.0,993044.0,"BUSH, GEORGE H.W.",554049.0,16359.0,Kansas,53933.0,2432.0,2461995.0,-131413.0,0,0,1,1,192357473.44,194168461.3,0.56,1774451.0,-0.13233351190883788
1988,"DUKAKIS, MICHAEL",670557.0,1225614.0,"BUSH, GEORGE H.W.",545355.0,9702.0,Iowa,51273.0,2274.0,2768393.0,125202.0,1,0,1,1,192357473.44,194168461.3,0.606,2021793.0,0.10215451194258551
1988,"DUKAKIS, MICHAEL",243569.0,555035.0,"BUSH, GEORGE H.W.",307131.0,4335.0,Maine,55697.0,1987.0,1203840.0,-63562.0,0,0,1,1,192357473.44,194168461.3,0.625,888612.0,-0.11451890421324781
1992,"CLINTON, BILL",621314.0,1462643.0,"BUSH, GEORGE H.W.",475757.0,365572.0,Oregon,57900.0,3698.0,2991755.0,145557.0,1,0,1,1,198998958.85,185460846.91,0.682,2144867.0,0.09951642335142614
1992,"CLINTON, BILL",189148.0,506318.0,"BUSH, GEORGE H.W.",175828.0,141342.0,Nevada,57866.0,1444.0,1351367.0,13320.0,1,0,1,1,198998958.85,185460846.91,0.539,940066.0,0.026307577451325056
1992,"CLINTON, BILL",209040.0,537215.0,"BUSH, GEORGE H.W.",202484.0,125691.0,New Hampshire,71518.0,3486.0,1117784.0,6556.0,1,0,1,1,198998958.85,185460846.91,0.661,814160.0,0.012203680090838864
1992,"CLINTON, BILL",1436206.0,3343594.0,"BUSH, GEORGE H.W.",1356865.0,550523.0,New Jersey,70727.0,1525.0,7880508.0,79341.0,1,0,1,1,198998958.85,185460846.91,0.619,5398559.0,0.023729256602326717
1992,"CLINTON, BILL",261617.0,569986.0,"BUSH, GEORGE H.W.",212824.0,95545.0,New Mexico,46897.0,2443.0,1595442.0,48793.0,1,0,1,1,198998958.85,185460846.91,0.531,1073421.0,0.08560385693683704
1992,"CLINTON, BILL",3346894.0,7079432.0,"BUSH, GEORGE H.W.",2041690.0,1690848.0,New York,56311.0,959.0,18246653.0,1305204.0,1,0,1,1,198998958.85,185460846.91,0.566,12227775.0,0.18436563837324801
1992,"CLINTON, BILL",1114042.0,2611850.0,"BUSH, GEORGE H.W.",1134661.0,363147.0,North Carolina,50363.0,1117.0,6897214.0,-20619.0,0,0,1,1,198998958.85,185460846.91,0.514,5077494.0,-0.007894404349407509
1992,"CLINTON, BILL",99168.0,308133.0,"BUSH, GEORGE H.W.",136244.0,72721.0,North Dakota,48890.0,1634.0,638223.0,-37076.0,0,0,1,1,198998958.85,185460846.91,0.666,462631.0,-0.12032466499855582
1992,"CLINTON, BILL",1984942.0,4939967.0,"BUSH, GEORGE H.W.",1894310.0,1060715.0,Ohio,56951.0,1065.0,11029431.0,90632.0,1,0,1,1,198998958.85,185460846.91,0.613,8063595.0,0.018346681263255404
1992,"CLINTON, BILL",473066.0,1390359.0,"BUSH, GEORGE H.W.",592929.0,324364.0,Oklahoma,45853.0,1950.0,3220517.0,-119863.0,0,0,1,1,198998958.85,185460846.91,0.606,2293931.0,-0.08621010832454064
1992,"CLINTON, BILL",213299.0,453365.0,"BUSH, GEORGE H.W.",131601.0,108465.0,Rhode Island,55189.0,2599.0,1012581.0,81698.0,1,0,1,1,198998958.85,185460846.91,0.628,721593.0,0.1802035887199056
1992,"CLINTON, BILL",183429.0,743998.0,"BUSH, GEORGE H.W.",322632.0,237937.0,Utah,62115.0,2076.0,1836799.0,-139203.0,0,0,1,1,198998958.85,185460846.91,0.64,1162363.0,-0.18710130941212208
1992,"CLINTON, BILL",124888.0,336254.0,"BUSH, GEORGE H.W.",136718.0,74648.0,South Dakota,47621.0,1213.0,712801.0,-11830.0,0,0,1,1,198998958.85,185460846.91,0.667,503759.0,-0.03518173761501722
1992,"CLINTON, BILL",933521.0,1982638.0,"BUSH, GEORGE H.W.",841300.0,207817.0,Tennessee,44101.0,1656.0,5049742.0,92221.0,1,0,1,1,198998958.85,185460846.91,0.532,3726024.0,0.04651429055631941
1992,"CLINTON, BILL",2281815.0,6154018.0,"BUSH, GEORGE H.W.",2496071.0,1376132.0,Texas,50693.0,1150.0,17759738.0,-214256.0,0,0,1,1,198998958.85,185460846.91,0.542,11356487.0,-0.03481562777359442
1992,"CLINTON, BILL",216864.0,737546.0,"BUSH, GEORGE H.W.",343678.0,177004.0,Nebraska,54492.0,1942.0,1611687.0,-126814.0,0,0,1,1,198998958.85,185460846.91,0.642,1149525.0,-0.1719404620186402
1992,"CLINTON, BILL",133592.0,289701.0,"BUSH, GEORGE H.W.",88122.0,67987.0,Vermont,59402.0,2417.0,572751.0,45470.0,1,0,1,1,198998958.85,185460846.91,0.69,419810.0,0.1569549293927187
1992,"CLINTON, BILL",1038650.0,2559129.0,"BUSH, GEORGE H.W.",1150517.0,369962.0,Virginia,69272.0,2465.0,6414307.0,-111867.0,0,0,1,1,198998958.85,185460846.91,0.554,4622125.0,-0.04371291951284988
1992,"CLINTON, BILL",993037.0,2287565.0,"BUSH, GEORGE H.W.",731234.0,563294.0,Washington,61478.0,2261.0,5160757.0,261803.0,1,0,1,1,198998958.85,185460846.91,0.64,3575852.0,0.11444614688544369
1992,"CLINTON, BILL",331001.0,683677.0,"BUSH, GEORGE H.W.",241974.0,110702.0,West Virginia,36762.0,1618.0,1806451.0,89027.0,1,0,1,1,198998958.85,185460846.91,0.501,1365368.0,0.1302179245462404
1992,"CLINTON, BILL",1041066.0,2531064.0,"BUSH, GEORGE H.W.",930855.0,559143.0,Wisconsin,60404.0,1989.0,5025398.0,110211.0,1,0,1,1,198998958.85,185460846.91,0.699,3619273.0,0.04354334777785153
1992,"CLINTON, BILL",68160.0,199884.0,"BUSH, GEORGE H.W.",79347.0,52377.0,Wyoming,54784.0,2575.0,466251.0,-11187.0,0,0,1,1,198998958.85,185460846.91,0.619,324253.0,-0.055967461127453925
1992,"CLINTON, BILL",525514.0,1228912.0,"BUSH, GEORGE H.W.",577507.0,125891.0,South Carolina,50013.0,2601.0,3620464.0,-51993.0,0,0,1,1,198998958.85,185460846.91,0.461,2610725.0,-0.04230815550665955
1992,"CLINTON, BILL",154507.0,410583.0,"BUSH, GEORGE H.W.",144207.0,111869.0,Montana,48103.0,1320.0,825770.0,10300.0,1,0,1,1,198998958.85,185460846.91,0.692,593345.0,0.02508627975342379
1992,"CLINTON, BILL",2239164.0,4959810.0,"BUSH, GEORGE H.W.",1791841.0,928805.0,Pennsylvania,54191.0,1210.0,12049450.0,447323.0,1,0,1,1,198998958.85,185460846.91,0.549,9010940.0,0.09018954355106344
1992,"CLINTON, BILL",400258.0,981793.0,"BUSH, GEORGE H.W.",487793.0,93742.0,Mississippi,37304.0,1948.0,2623734.0,-87535.0,0,0,1,1,198998958.85,185460846.91,0.529,1854797.0,-0.08915830526394057
1992,"CLINTON, BILL",78294.0,258506.0,"BUSH, GEORGE H.W.",102000.0,78212.0,Alaska,75808.0,2096.0,588736.0,-23706.0,0,0,1,1,198998958.85,185460846.91,0.663,389898.0,-0.09170386760848878
1992,"CLINTON, BILL",543050.0,1486975.0,"BUSH, GEORGE H.W.",572086.0,371839.0,Arizona,53241.0,1973.0,3915740.0,-29036.0,0,0,1,1,198998958.85,185460846.91,0.557,2671933.0,-0.0195268918441803
1992,"CLINTON, BILL",505823.0,950653.0,"BUSH, GEORGE H.W.",337324.0,107506.0,Arkansas,43310.0,2535.0,2415984.0,168499.0,1,0,1,1,198998958.85,185460846.91,0.543,1751083.0,0.17724553543722052
1992,"CLINTON, BILL",5121325.0,11131721.0,"BUSH, GEORGE H.W.",3630574.0,2379822.0,California,63297.0,1141.0,30974659.0,1490751.0,1,0,1,1,198998958.85,185460846.91,0.603,18460157.0,0.13391918464359645
1992,"CLINTON, BILL",629681.0,1569180.0,"BUSH, GEORGE H.W.",562850.0,376649.0,Colorado,58910.0,2668.0,3495939.0,66831.0,1,0,1,1,198998958.85,185460846.91,0.629,2494998.0,0.04258976025694949
1992,"CLINTON, BILL",682318.0,1616156.0,"BUSH, GEORGE H.W.",578313.0,355525.0,Connecticut,74066.0,3576.0,3300712.0,104005.0,1,0,1,1,198998958.85,185460846.91,0.686,2356937.0,0.06435331737777789
1992,"CLINTON, BILL",126054.0,289620.0,"BUSH, GEORGE H.W.",102313.0,61253.0,Delaware,64702.0,2526.0,694925.0,23741.0,1,0,1,1,198998958.85,185460846.91,0.58,499266.0,0.08197293004626752
1992,"CLINTON, BILL",2071698.0,5313392.0,"BUSH, GEORGE H.W.",2173310.0,1068384.0,Florida,49598.0,954.0,13650553.0,-101612.0,0,0,1,1,198998958.85,185460846.91,0.559,9506230.0,-0.019123753715140912
1992,"CLINTON, BILL",1008966.0,2321133.0,"BUSH, GEORGE H.W.",995252.0,316915.0,Georgia,52224.0,2227.0,6817203.0,13714.0,1,0,1,1,198998958.85,185460846.91,0.485,4766958.0,0.0059083214964416085
1992,"CLINTON, BILL",179310.0,372842.0,"BUSH, GEORGE H.W.",136822.0,56710.0,Hawaii,76372.0,2602.0,1158613.0,42488.0,1,0,1,1,198998958.85,185460846.91,0.469,795148.0,0.11395711856496854
1992,"CLINTON, BILL",137013.0,482114.0,"BUSH, GEORGE H.W.",202645.0,142456.0,Idaho,50242.0,1585.0,1071685.0,-65632.0,0,0,1,1,198998958.85,185460846.91,0.656,734855.0,-0.1361337774883119
1992,"CLINTON, BILL",1053873.0,2391270.0,"BUSH, GEORGE H.W.",811159.0,526238.0,Missouri,49619.0,2631.0,5217101.0,242714.0,1,0,1,1,198998958.85,185460846.91,0.631,3792675.0,0.10150003972784337
1992,"CLINTON, BILL",690080.0,1688060.0,"BUSH, GEORGE H.W.",804283.0,193697.0,Alabama,46803.0,1919.0,4154014.0,-114203.0,0,0,1,1,198998958.85,185460846.91,0.557,3030549.0,-0.06765340094546403
1992,"CLINTON, BILL",848420.0,2305871.0,"BUSH, GEORGE H.W.",989375.0,468076.0,Indiana,51739.0,2385.0,5674547.0,-140955.0,0,0,1,1,198998958.85,185460846.91,0.554,4162678.0,-0.061128744843054965
1992,"CLINTON, BILL",586353.0,1354607.0,"BUSH, GEORGE H.W.",504891.0,263363.0,Iowa,52126.0,1763.0,2818401.0,81462.0,1,0,1,1,198998958.85,185460846.91,0.658,2057690.0,0.06013699914440129
1992,"CLINTON, BILL",390434.0,1157236.0,"BUSH, GEORGE H.W.",449951.0,316851.0,Kansas,55033.0,2062.0,2532394.0,-59517.0,0,0,1,1,198998958.85,185460846.91,0.639,1810750.0,-0.051430304622393355
1992,"CLINTON, BILL",665104.0,1492900.0,"BUSH, GEORGE H.W.",617178.0,210618.0,Kentucky,42590.0,2283.0,3765469.0,47926.0,1,0,1,1,198998958.85,185460846.91,0.538,2772600.0,0.03210261906356755
1992,"CLINTON, BILL",815971.0,1790017.0,"BUSH, GEORGE H.W.",733386.0,240660.0,Louisiana,46134.0,2071.0,4293003.0,82585.0,1,0,1,1,198998958.85,185460846.91,0.597,2997301.0,0.04613643334113587
1992,"CLINTON, BILL",263420.0,679499.0,"BUSH, GEORGE H.W.",206504.0,209575.0,Maine,53711.0,1861.0,1238508.0,56916.0,1,0,1,1,198998958.85,185460846.91,0.743,915082.0,0.08376171267360216
1992,"CLINTON, BILL",988571.0,1984580.0,"BUSH, GEORGE H.W.",707094.0,288915.0,Maryland,67468.0,2949.0,4923368.0,281477.0,1,0,1,1,198998958.85,185460846.91,0.577,3440015.0,0.14183202491207209
1992,"CLINTON, BILL",1318639.0,2773664.0,"BUSH, GEORGE H.W.",805039.0,649986.0,Massachusetts,65937.0,1338.0,6028709.0,513600.0,1,0,1,1,198998958.85,185460846.91,0.638,4346897.0,0.1851702297033815
1992,"CLINTON, BILL",1871182.0,4274673.0,"BUSH, GEORGE H.W.",1554940.0,848551.0,Michigan,58517.0,1380.0,9479065.0,316242.0,1,0,1,1,198998958.85,185460846.91,0.63,6786593.0,0.07398039569342497
1992,"CLINTON, BILL",1020997.0,2347948.0,"BUSH, GEORGE H.W.",747841.0,579110.0,Minnesota,56184.0,2352.0,4495572.0,273156.0,1,0,1,1,198998958.85,185460846.91,0.737,3187255.0,0.11633818125444005
1992,"CLINTON, BILL",2453350.0,5050157.0,"BUSH, GEORGE H.W.",1734096.0,862711.0,Illinois,57218.0,1364.0,11694184.0,719254.0,1,0,1,1,198998958.85,185460846.91,0.622,8113900.0,0.14242210687707332
1996,"CLINTON, BILL",649641.0,1377760.0,"DOLE, ROBERT",538152.0,189967.0,Oregon,58494.0,2100.0,3247111.0,111489.0,1,1,0,0,203959037.08,231987734.18,0.597,2309051.0,0.08092047961909186
1996,"CLINTON, BILL",488105.0,1206713.0,"DOLE, ROBERT",582315.0,136293.0,Oklahoma,45218.0,1795.0,3340129.0,-94210.0,0,1,0,0,203959037.08,231987734.18,0.51,2368311.0,-0.07807158785891923
1996,"CLINTON, BILL",2148222.0,4534434.0,"DOLE, ROBERT",1859883.0,526329.0,Ohio,56150.0,1752.0,11242827.0,288339.0,1,1,0,0,203959037.08,231987734.18,0.554,8185999.0,0.06358875220148755
1996,"CLINTON, BILL",106905.0,266411.0,"DOLE, ROBERT",125050.0,34456.0,North Dakota,51865.0,1951.0,650382.0,-18145.0,0,1,0,0,203959037.08,231987734.18,0.56,475898.0,-0.06810904955125727
1996,"CLINTON, BILL",246166.0,496597.0,"DOLE, ROBERT",196486.0,53945.0,New Hampshire,64946.0,2858.0,1174719.0,49680.0,1,1,0,0,203959037.08,231987734.18,0.583,855287.0,0.1000408782171459
1996,"CLINTON, BILL",3649630.0,6439129.0,"DOLE, ROBERT",1738707.0,1050792.0,New York,58358.0,1229.0,18588460.0,1910923.0,1,1,0,0,203959037.08,231987734.18,0.519,12175850.0,0.2967673112310687
1996,"CLINTON, BILL",273495.0,556074.0,"DOLE, ROBERT",232751.0,49828.0,New Mexico,41344.0,1798.0,1752326.0,40744.0,1,1,0,0,203959037.08,231987734.18,0.474,1172262.0,0.07327082366735363
1996,"CLINTON, BILL",1652361.0,3075860.0,"DOLE, ROBERT",1103099.0,320400.0,New Jersey,78231.0,2006.0,8149596.0,549262.0,1,1,0,0,203959037.08,231987734.18,0.564,5456334.0,0.17857184657299097
1996,"CLINTON, BILL",2215819.0,4501307.0,"DOLE, ROBERT",1801169.0,484319.0,Pennsylvania,57516.0,1605.0,12220464.0,414650.0,1,1,0,0,203959037.08,231987734.18,0.497,9063470.0,0.0921176893733309
1996,"CLINTON, BILL",1107849.0,2515807.0,"DOLE, ROBERT",1225938.0,182020.0,North Carolina,58673.0,1661.0,7500670.0,-118089.0,0,1,0,0,203959037.08,231987734.18,0.463,5435970.0,-0.04693881525888115
1996,"CLINTON, BILL",233050.0,390247.0,"DOLE, ROBERT",104683.0,52514.0,Rhode Island,60956.0,1707.0,1020893.0,128367.0,1,1,0,0,203959037.08,231987734.18,0.544,717041.0,0.32893782655600173
1996,"CLINTON, BILL",137894.0,258449.0,"DOLE, ROBERT",80352.0,40203.0,Vermont,53328.0,2060.0,593701.0,57542.0,1,1,0,0,203959037.08,231987734.18,0.593,435687.0,0.22264353895739586
1996,"CLINTON, BILL",139333.0,323826.0,"DOLE, ROBERT",150543.0,33950.0,South Dakota,48661.0,1653.0,742213.0,-11210.0,0,1,0,0,203959037.08,231987734.18,0.611,529793.0,-0.03461735623452101
1996,"CLINTON, BILL",909146.0,1894105.0,"DOLE, ROBERT",863530.0,121429.0,Tennessee,50744.0,1791.0,5416643.0,45616.0,1,1,0,0,203959037.08,231987734.18,0.475,3984092.0,0.02408314217004865
1996,"CLINTON, BILL",2459683.0,5611644.0,"DOLE, ROBERT",2736167.0,415794.0,Texas,54505.0,1257.0,19340342.0,-276484.0,0,1,0,0,203959037.08,231987734.18,0.465,12072149.0,-0.049269697079857525
1996,"CLINTON, BILL",221633.0,665629.0,"DOLE, ROBERT",361911.0,82085.0,Utah,61041.0,2192.0,2067976.0,-140278.0,0,1,0,0,203959037.08,231987734.18,0.502,1326919.0,-0.2107450246308379
1996,"CLINTON, BILL",1091060.0,2416642.0,"DOLE, ROBERT",1138350.0,187232.0,Virginia,64623.0,2405.0,6750884.0,-47290.0,0,1,0,0,203959037.08,231987734.18,0.502,4811632.0,-0.019568475595475043
1996,"CLINTON, BILL",1123323.0,2253837.0,"DOLE, ROBERT",840712.0,289802.0,Washington,60445.0,2650.0,5569753.0,282611.0,1,1,0,0,203959037.08,231987734.18,0.589,3829308.0,0.12539105534251146
1996,"CLINTON, BILL",327812.0,636459.0,"DOLE, ROBERT",233946.0,74701.0,West Virginia,41609.0,2144.0,1822808.0,93866.0,1,1,0,0,203959037.08,231987734.18,0.459,1386621.0,0.1474816131125493
1996,"CLINTON, BILL",1071971.0,2196169.0,"DOLE, ROBERT",845029.0,279169.0,Wisconsin,65925.0,2934.0,5229986.0,226942.0,1,1,0,0,203959037.08,231987734.18,0.584,3763240.0,0.10333539905171232
1996,"CLINTON, BILL",77934.0,211571.0,"DOLE, ROBERT",105388.0,28249.0,Wyoming,51013.0,1414.0,488167.0,-27454.0,0,1,0,0,203959037.08,231987734.18,0.613,345112.0,-0.12976258560955897
1996,"CLINTON, BILL",203974.0,464279.0,"DOLE, ROBERT",199244.0,61061.0,Nevada,63517.0,2662.0,1666320.0,4730.0,1,1,0,0,203959037.08,231987734.18,0.409,1134065.0,0.010187839639527095
1996,"CLINTON, BILL",506152.0,1150182.0,"DOLE, ROBERT",573339.0,70691.0,South Carolina,57131.0,2316.0,3796200.0,-67187.0,0,1,0,0,203959037.08,231987734.18,0.422,2731064.0,-0.05841423357346924
1996,"CLINTON, BILL",236761.0,677415.0,"DOLE, ROBERT",363467.0,77187.0,Nebraska,56058.0,2472.0,1673740.0,-126706.0,0,1,0,0,203959037.08,231987734.18,0.57,1188034.0,-0.18704339289800195
1996,"CLINTON, BILL",167922.0,407083.0,"DOLE, ROBERT",179652.0,59509.0,Montana,47273.0,2581.0,886254.0,-11730.0,0,1,0,0,203959037.08,231987734.18,0.631,645052.0,-0.028814762591412562
1996,"CLINTON, BILL",1025935.0,2158065.0,"DOLE, ROBERT",890016.0,242114.0,Missouri,56471.0,2494.0,5431553.0,135919.0,1,1,0,0,203959037.08,231987734.18,0.551,3919885.0,0.06298188423425614
1996,"CLINTON, BILL",80380.0,241620.0,"DOLE, ROBERT",122746.0,38494.0,Alaska,86984.0,3143.0,608569.0,-42366.0,0,1,0,0,203959037.08,231987734.18,0.598,404180.0,-0.17534144524459896
1996,"CLINTON, BILL",653288.0,1404405.0,"DOLE, ROBERT",622073.0,129044.0,Arizona,52140.0,2100.0,4586940.0,31215.0,1,1,0,0,203959037.08,231987734.18,0.456,3079908.0,0.022226494494109607
1996,"CLINTON, BILL",475171.0,884262.0,"DOLE, ROBERT",325416.0,83675.0,Arkansas,44701.0,1612.0,2572109.0,149755.0,1,1,0,0,203959037.08,231987734.18,0.479,1844689.0,0.16935591487590781
1996,"CLINTON, BILL",5119835.0,10019469.0,"DOLE, ROBERT",3828381.0,1071253.0,California,63965.0,1348.0,32018834.0,1291454.0,1,1,0,0,203959037.08,231987734.18,0.537,18644593.0,0.1288944553848113
1996,"CLINTON, BILL",671152.0,1510702.0,"DOLE, ROBERT",691848.0,147702.0,Colorado,67489.0,2190.0,3919972.0,-20696.0,0,1,0,0,203959037.08,231987734.18,0.545,2770252.0,-0.013699591315825358
1996,"CLINTON, BILL",735740.0,1392614.0,"DOLE, ROBERT",483109.0,173765.0,Connecticut,69415.0,5088.0,3336685.0,252631.0,1,1,0,0,203959037.08,231987734.18,0.596,2337160.0,0.18140776984864435
1996,"CLINTON, BILL",140355.0,270810.0,"DOLE, ROBERT",99062.0,31393.0,Delaware,64784.0,2311.0,740977.0,41293.0,1,1,0,0,203959037.08,231987734.18,0.512,528630.0,0.1524795982423101
1996,"CLINTON, BILL",2546870.0,5303154.0,"DOLE, ROBERT",2244536.0,511748.0,Florida,50499.0,845.0,14853360.0,302334.0,1,1,0,0,203959037.08,231987734.18,0.519,10219294.0,0.057010224481506666
1996,"CLINTON, BILL",1053849.0,2298899.0,"DOLE, ROBERT",1080843.0,164207.0,Georgia,53556.0,2746.0,7501069.0,-26994.0,0,1,0,0,203959037.08,231987734.18,0.444,5181708.0,-0.01174214265176504
1996,"CLINTON, BILL",205012.0,360120.0,"DOLE, ROBERT",113943.0,41165.0,Hawaii,68843.0,3120.0,1203755.0,91069.0,1,1,0,0,203959037.08,231987734.18,0.439,820055.0,0.25288514939464624
1996,"CLINTON, BILL",165443.0,491711.0,"DOLE, ROBERT",256595.0,69673.0,Idaho,57203.0,2210.0,1203083.0,-91152.0,0,1,0,0,203959037.08,231987734.18,0.593,825329.0,-0.18537718293875874
1996,"CLINTON, BILL",662165.0,1534349.0,"DOLE, ROBERT",769044.0,103140.0,Alabama,49940.0,2073.0,4331102.0,-106879.0,0,1,0,0,203959037.08,231987734.18,0.488,3144249.0,-0.06965755509339791
1996,"CLINTON, BILL",887424.0,2135431.0,"DOLE, ROBERT",1006693.0,241314.0,Indiana,57925.0,2139.0,5906013.0,-119269.0,0,1,0,0,203959037.08,231987734.18,0.496,4302745.0,-0.05585242510762464
1996,"CLINTON, BILL",620258.0,1234075.0,"DOLE, ROBERT",492644.0,121173.0,Iowa,54731.0,2517.0,2880000.0,127614.0,1,1,0,0,203959037.08,231987734.18,0.588,2098332.0,0.10340862589388813
1996,"CLINTON, BILL",387659.0,1074300.0,"DOLE, ROBERT",583245.0,103396.0,Kansas,53703.0,2406.0,2614554.0,-195586.0,0,1,0,0,203959037.08,231987734.18,0.573,1856507.0,-0.18205901517267056
1996,"CLINTON, BILL",636614.0,1388708.0,"DOLE, ROBERT",623283.0,128811.0,Kentucky,53419.0,2372.0,3919535.0,13331.0,1,1,0,0,203959037.08,231987734.18,0.482,2880808.0,0.009599570248029104
1996,"CLINTON, BILL",927837.0,1783959.0,"DOLE, ROBERT",712586.0,143536.0,Louisiana,49874.0,2126.0,4398877.0,215251.0,1,1,0,0,203959037.08,231987734.18,0.578,3087693.0,0.12065916313099125
1996,"CLINTON, BILL",312788.0,605897.0,"DOLE, ROBERT",186378.0,106731.0,Maine,57182.0,1996.0,1249060.0,126410.0,1,1,0,0,203959037.08,231987734.18,0.652,929970.0,0.20863282042987505
1996,"CLINTON, BILL",966207.0,1780870.0,"DOLE, ROBERT",681530.0,133133.0,Maryland,72504.0,4227.0,5111986.0,284677.0,1,1,0,0,203959037.08,231987734.18,0.504,3530148.0,0.15985276859063266
1996,"CLINTON, BILL",1571509.0,2556459.0,"DOLE, ROBERT",718058.0,266892.0,Massachusetts,65089.0,3184.0,6179756.0,853451.0,1,1,0,0,203959037.08,231987734.18,0.584,4385268.0,0.33384106688196447
1996,"CLINTON, BILL",1989653.0,3848844.0,"DOLE, ROBERT",1481212.0,377979.0,Michigan,64646.0,1884.0,9758645.0,508441.0,1,1,0,0,203959037.08,231987734.18,0.553,6954059.0,0.13210226239359144
1996,"CLINTON, BILL",1120380.0,2192492.0,"DOLE, ROBERT",766395.0,305717.0,Minnesota,67556.0,2019.0,4712827.0,353985.0,1,1,0,0,203959037.08,231987734.18,0.661,3319509.0,0.16145326870063836
1996,"CLINTON, BILL",394022.0,893857.0,"DOLE, ROBERT",439838.0,59997.0,Mississippi,43966.0,2169.0,2748085.0,-45816.0,0,1,0,0,203959037.08,231987734.18,0.459,1949309.0,-0.05125652089763799
1996,"CLINTON, BILL",2341744.0,4311391.0,"DOLE, ROBERT",1587021.0,382626.0,Illinois,65188.0,1824.0,12101997.0,754723.0,1,1,0,0,203959037.08,231987734.18,0.525,8215662.0,0.1750532484759559
2000,"GORE, AL",720342.0,1533950.0,"BUSH, GEORGE W.",713577.0,100031.0,Oregon,64059.0,1411.0,3429708.0,6765.0,1,1,0,0,180859896.77,280237291.69,0.649,2364402.0,0.004410182861240588
2000,"GORE, AL",474276.0,1234229.0,"BUSH, GEORGE W.",744337.0,15616.0,Oklahoma,48885.0,1069.0,3454365.0,-270061.0,0,1,0,0,180859896.77,280237291.69,0.499,2475220.0,-0.21880947538908907
2000,"GORE, AL",2183628.0,4701998.0,"BUSH, GEORGE W.",2350363.0,168007.0,Ohio,64757.0,1103.0,11363543.0,-166735.0,0,1,0,0,180859896.77,280237291.69,0.567,8295592.0,-0.03546045744808909
2000,"GORE, AL",95284.0,288256.0,"BUSH, GEORGE W.",174852.0,18120.0,North Dakota,54257.0,1605.0,642023.0,-79568.0,0,1,0,0,180859896.77,280237291.69,0.603,477968.0,-0.27603241563055064
2000,"GORE, AL",266348.0,569081.0,"BUSH, GEORGE W.",273559.0,29174.0,New Hampshire,76762.0,1874.0,1239882.0,-7211.0,0,1,0,0,180859896.77,280237291.69,0.639,890622.0,-0.012671306896557783
2000,"GORE, AL",3942215.0,6960215.0,"BUSH, GEORGE W.",2258577.0,759423.0,New York,61414.0,876.0,19001780.0,1683638.0,1,1,0,0,180859896.77,280237291.69,0.551,12380208.0,0.2418945391773099
2000,"GORE, AL",286783.0,598605.0,"BUSH, GEORGE W.",286417.0,25405.0,New Mexico,52896.0,1881.0,1821204.0,366.0,1,1,0,0,180859896.77,280237291.69,0.485,1234088.0,0.0006114215551156439
2000,"GORE, AL",1788850.0,3187226.0,"BUSH, GEORGE W.",1284173.0,114203.0,New Jersey,75976.0,1494.0,8430621.0,504677.0,1,1,0,0,180859896.77,280237291.69,0.569,5601788.0,0.1583436505600795
2000,"GORE, AL",2485967.0,4912185.0,"BUSH, GEORGE W.",2281127.0,145091.0,Pennsylvania,63573.0,1061.0,12284173.0,204840.0,1,1,0,0,180859896.77,280237291.69,0.541,9086897.0,0.041700383841406626
2000,"GORE, AL",1257692.0,2914990.0,"BUSH, GEORGE W.",1631163.0,26135.0,North Carolina,57756.0,1215.0,8081614.0,-373471.0,0,1,0,0,180859896.77,280237291.69,0.507,5744241.0,-0.12812085118645347
2000,"GORE, AL",249508.0,409112.0,"BUSH, GEORGE W.",130555.0,29049.0,Rhode Island,63604.0,1534.0,1050268.0,118953.0,1,1,0,0,180859896.77,280237291.69,0.542,753877.0,0.2907590097577192
2000,"GORE, AL",149022.0,294308.0,"BUSH, GEORGE W.",119775.0,25511.0,Vermont,59681.0,1388.0,609618.0,29247.0,1,1,0,0,180859896.77,280237291.69,0.641,459174.0,0.09937548418663442
2000,"GORE, AL",118804.0,316269.0,"BUSH, GEORGE W.",190700.0,6765.0,South Dakota,54979.0,1036.0,755844.0,-71896.0,0,1,0,0,180859896.77,280237291.69,0.577,548498.0,-0.22732547293601332
2000,"GORE, AL",981720.0,2076181.0,"BUSH, GEORGE W.",1061949.0,32512.0,Tennessee,51393.0,1402.0,5703719.0,-80229.0,0,1,0,0,180859896.77,280237291.69,0.499,4162996.0,-0.03864258463014544
2000,"GORE, AL",2433746.0,6407637.0,"BUSH, GEORGE W.",3799639.0,174252.0,Texas,58196.0,1183.0,20944499.0,-1365893.0,0,1,0,0,180859896.77,280237291.69,0.492,13033081.0,-0.2131664137653241
2000,"GORE, AL",203053.0,770754.0,"BUSH, GEORGE W.",515096.0,52605.0,Utah,71673.0,1569.0,2244502.0,-312043.0,0,1,0,0,180859896.77,280237291.69,0.538,1431668.0,-0.4048542076979166
2000,"GORE, AL",1217290.0,2739447.0,"BUSH, GEORGE W.",1437490.0,84667.0,Virginia,71090.0,1605.0,7105817.0,-220200.0,0,1,0,0,180859896.77,280237291.69,0.54,5069265.0,-0.08038118642193114
2000,"GORE, AL",1247652.0,2487433.0,"BUSH, GEORGE W.",1108864.0,130917.0,Washington,64099.0,1825.0,5910512.0,138788.0,1,1,0,0,180859896.77,280237291.69,0.607,4098044.0,0.05579567369251755
2000,"GORE, AL",295497.0,648124.0,"BUSH, GEORGE W.",336475.0,16152.0,West Virginia,44332.0,972.0,1807021.0,-40978.0,0,1,0,0,180859896.77,280237291.69,0.466,1390365.0,-0.06322555560355735
2000,"GORE, AL",1242987.0,2598607.0,"BUSH, GEORGE W.",1237279.0,118341.0,Wisconsin,67962.0,1435.0,5373999.0,5708.0,1,1,0,0,180859896.77,280237291.69,0.676,3842044.0,0.002196561465431287
2000,"GORE, AL",60481.0,213726.0,"BUSH, GEORGE W.",147947.0,5298.0,Wyoming,59733.0,1592.0,494300.0,-87466.0,0,1,0,0,180859896.77,280237291.69,0.592,361078.0,-0.4092436109785426
2000,"GORE, AL",279978.0,609426.0,"BUSH, GEORGE W.",301575.0,27873.0,Nevada,68972.0,1524.0,2018741.0,-21597.0,0,1,0,0,180859896.77,280237291.69,0.452,1346116.0,-0.0354382648590641
2000,"GORE, AL",566037.0,1383902.0,"BUSH, GEORGE W.",786892.0,30973.0,South Carolina,56630.0,1412.0,4024223.0,-220855.0,0,1,0,0,180859896.77,280237291.69,0.47,2944326.0,-0.15958861248845654
2000,"GORE, AL",231780.0,697019.0,"BUSH, GEORGE W.",433862.0,31377.0,Nebraska,62930.0,1534.0,1713820.0,-202082.0,0,1,0,0,180859896.77,280237291.69,0.569,1224178.0,-0.2899232302132367
2000,"GORE, AL",692611.0,1666272.0,"BUSH, GEORGE W.",941173.0,32488.0,Alabama,53395.0,1616.0,4452173.0,-248562.0,0,1,0,0,180859896.77,280237291.69,0.516,3241682.0,-0.1491725240536959
2000,"GORE, AL",1111138.0,2359892.0,"BUSH, GEORGE W.",1189924.0,58830.0,Missouri,67975.0,1789.0,5607285.0,-78786.0,0,1,0,0,180859896.77,280237291.69,0.582,4052255.0,-0.03338542611272041
2000,"GORE, AL",137126.0,410986.0,"BUSH, GEORGE W.",240178.0,33682.0,Montana,49405.0,1509.0,903773.0,-103052.0,0,1,0,0,180859896.77,280237291.69,0.616,667525.0,-0.25074333432282364
2000,"GORE, AL",79004.0,285560.0,"BUSH, GEORGE W.",167398.0,39158.0,Alaska,79657.0,1747.0,627963.0,-88394.0,0,1,0,0,180859896.77,280237291.69,0.681,419111.0,-0.3095461549236588
2000,"GORE, AL",685341.0,1532016.0,"BUSH, GEORGE W.",781652.0,65023.0,Arizona,59966.0,1824.0,5160586.0,-96311.0,0,1,0,0,180859896.77,280237291.69,0.456,3357701.0,-0.06286553143048114
2000,"GORE, AL",422768.0,921781.0,"BUSH, GEORGE W.",472940.0,26073.0,Arkansas,44763.0,1164.0,2678588.0,-50172.0,0,1,0,0,180859896.77,280237291.69,0.479,1925961.0,-0.05442941436197969
2000,"GORE, AL",5861203.0,10965822.0,"BUSH, GEORGE W.",4567429.0,537190.0,California,70566.0,1034.0,33987977.0,1293774.0,1,1,0,0,180859896.77,280237291.69,0.557,19685258.0,0.11798240022498997
2000,"GORE, AL",738227.0,1741368.0,"BUSH, GEORGE W.",883748.0,119393.0,Colorado,72713.0,1865.0,4326921.0,-145521.0,0,1,0,0,180859896.77,280237291.69,0.575,3026316.0,-0.0835670576236614
2000,"GORE, AL",816015.0,1459525.0,"BUSH, GEORGE W.",561094.0,82416.0,Connecticut,75625.0,2045.0,3411777.0,254921.0,1,1,0,0,180859896.77,280237291.69,0.619,2357687.0,0.17466024905363045
2000,"GORE, AL",2912253.0,5963110.0,"BUSH, GEORGE W.",2912790.0,138067.0,Florida,58568.0,1120.0,16047515.0,-537.0,0,1,0,0,180859896.77,280237291.69,0.559,10667193.0,-9.005368004279646e-05
2000,"GORE, AL",1116230.0,2583208.0,"BUSH, GEORGE W.",1419720.0,47258.0,Georgia,63158.0,1253.0,8227303.0,-303490.0,0,1,0,0,180859896.77,280237291.69,0.458,5639668.0,-0.11748569995137828
2000,"GORE, AL",205286.0,367951.0,"BUSH, GEORGE W.",137845.0,24820.0,Hawaii,77696.0,1798.0,1213519.0,67441.0,1,1,0,0,180859896.77,280237291.69,0.442,832642.0,0.18328799215112881
2000,"GORE, AL",138637.0,501615.0,"BUSH, GEORGE W.",336937.0,26041.0,Idaho,56692.0,1797.0,1299430.0,-198300.0,0,1,0,0,180859896.77,280237291.69,0.572,877406.0,-0.3953231063664364
2000,"GORE, AL",180068.0,327529.0,"BUSH, GEORGE W.",137288.0,10173.0,Delaware,75916.0,2273.0,786373.0,42780.0,1,1,0,0,180859896.77,280237291.69,0.59,554863.0,0.13061438834423822
2000,"GORE, AL",901980.0,2199302.0,"BUSH, GEORGE W.",1245836.0,51486.0,Indiana,61596.0,1023.0,6091866.0,-343856.0,0,1,0,0,180859896.77,280237291.69,0.493,4424909.0,-0.15634778670687335
2000,"GORE, AL",2589026.0,4742108.0,"BUSH, GEORGE W.",2019421.0,133661.0,Illinois,69433.0,1456.0,12434161.0,569605.0,1,1,0,0,180859896.77,280237291.69,0.562,8432600.0,0.1201164123634468
2000,"GORE, AL",1168266.0,2438685.0,"BUSH, GEORGE W.",1109659.0,160760.0,Minnesota,81773.0,2567.0,4933692.0,58607.0,1,1,0,0,180859896.77,280237291.69,0.695,3506432.0,0.02403221408258959
2000,"GORE, AL",2170418.0,4232501.0,"BUSH, GEORGE W.",1953139.0,108944.0,Michigan,68601.0,1651.0,9952450.0,217279.0,1,1,0,0,180859896.77,280237291.69,0.599,7070702.0,0.05133584138550706
2000,"GORE, AL",1616487.0,2733964.0,"BUSH, GEORGE W.",878502.0,238975.0,Massachusetts,70472.0,2045.0,6361104.0,737985.0,1,1,0,0,180859896.77,280237291.69,0.599,4517052.0,0.2699322302707717
2000,"GORE, AL",1144008.0,2025212.0,"BUSH, GEORGE W.",813827.0,67377.0,Maryland,82201.0,2110.0,5311034.0,330181.0,1,1,0,0,180859896.77,280237291.69,0.555,3649631.0,0.16303527729442646
2000,"GORE, AL",404614.0,994184.0,"BUSH, GEORGE W.",572844.0,16726.0,Mississippi,51699.0,2041.0,2848353.0,-168230.0,0,1,0,0,180859896.77,280237291.69,0.491,2024650.0,-0.16921414949345392
2000,"GORE, AL",792344.0,1765656.0,"BUSH, GEORGE W.",927871.0,45441.0,Louisiana,46302.0,1248.0,4471885.0,-135527.0,0,1,0,0,180859896.77,280237291.69,0.564,3130267.0,-0.07675730719913731
2000,"GORE, AL",638923.0,1544106.0,"BUSH, GEORGE W.",872520.0,32663.0,Kentucky,54663.0,1278.0,4049021.0,-233597.0,0,1,0,0,180859896.77,280237291.69,0.522,2955628.0,-0.15128300777278245
2000,"GORE, AL",399276.0,1072216.0,"BUSH, GEORGE W.",622332.0,50608.0,Kansas,61889.0,1761.0,2693681.0,-223056.0,0,1,0,0,180859896.77,280237291.69,0.556,1927950.0,-0.20803270982712438
2000,"GORE, AL",638517.0,1353022.0,"BUSH, GEORGE W.",634373.0,80132.0,Iowa,61786.0,1222.0,2929067.0,4144.0,1,1,0,0,180859896.77,280237291.69,0.632,2082950.0,0.0030627735543102773
2000,"GORE, AL",319951.0,651817.0,"BUSH, GEORGE W.",286616.0,45250.0,Maine,56172.0,1286.0,1277072.0,33335.0,1,1,0,0,180859896.77,280237291.69,0.672,969292.0,0.0511416547896112
2004,"KERRY, JOHN",259760.0,437134.0,"BUSH, GEORGE W.",169046.0,8328.0,Rhode Island,65848.0,2709.0,1074579.0,90714.0,1,0,0,0,455973353.78,501084920.73,0.585,747046.0,0.20751989092589457
2004,"KERRY, JOHN",340511.0,678287.0,"BUSH, GEORGE W.",331237.0,6539.0,New Hampshire,78046.0,1819.0,1290121.0,9274.0,1,0,0,0,455973353.78,501084920.73,0.709,956422.0,0.013672678379506021
2004,"KERRY, JOHN",1911430.0,3611691.0,"BUSH, GEORGE W.",1670003.0,30258.0,New Jersey,75931.0,1762.0,8634561.0,241427.0,1,0,0,0,455973353.78,501084920.73,0.638,5663201.0,0.06684597325740214
2004,"KERRY, JOHN",370942.0,756304.0,"BUSH, GEORGE W.",376930.0,8432.0,New Mexico,54346.0,2176.0,1903808.0,-5988.0,0,0,0,0,455973353.78,501084920.73,0.59,1282767.0,-0.007917451183651019
2004,"KERRY, JOHN",4180755.0,7448266.0,"BUSH, GEORGE W.",2806993.0,460518.0,New York,61334.0,1088.0,19171567.0,1373762.0,1,0,0,0,455973353.78,501084920.73,0.58,12738056.0,0.18444051273141965
2004,"KERRY, JOHN",1525849.0,3501007.0,"BUSH, GEORGE W.",1961166.0,13992.0,North Carolina,55275.0,1115.0,8553152.0,-435317.0,0,0,0,0,455973353.78,501084920.73,0.578,6055771.0,-0.12434051117292824
2004,"KERRY, JOHN",111052.0,312833.0,"BUSH, GEORGE W.",196651.0,5130.0,North Dakota,53876.0,1718.0,644705.0,-85599.0,0,0,0,0,455973353.78,501084920.73,0.648,482722.0,-0.2736252249602823
2004,"KERRY, JOHN",2741165.0,5627903.0,"BUSH, GEORGE W.",2859764.0,26974.0,Ohio,59144.0,1342.0,11452251.0,-118599.0,0,0,0,0,455973353.78,501084920.73,0.668,8427696.0,-0.0210733909237597
2004,"KERRY, JOHN",943163.0,1836782.0,"BUSH, GEORGE W.",866831.0,26788.0,Oregon,56313.0,1444.0,3569463.0,76332.0,1,0,0,0,455973353.78,501084920.73,0.72,2550887.0,0.04155746299778634
2004,"KERRY, JOHN",2938095.0,5769590.0,"BUSH, GEORGE W.",2793847.0,37648.0,Pennsylvania,60588.0,1427.0,12410722.0,144248.0,1,0,0,0,455973353.78,501084920.73,0.626,9221962.0,0.02500142991096421
2004,"KERRY, JOHN",661669.0,1617700.0,"BUSH, GEORGE W.",937974.0,18057.0,South Carolina,53150.0,1403.0,4210921.0,-276305.0,0,0,0,0,455973353.78,501084920.73,0.53,3055098.0,-0.1708011374173209
2004,"KERRY, JOHN",503966.0,1463758.0,"BUSH, GEORGE W.",959792.0,0.0,Oklahoma,54418.0,1541.0,3525233.0,-455826.0,0,0,0,0,455973353.78,501084920.73,0.583,2510823.0,-0.3114080332951212
2004,"KERRY, JOHN",1036477.0,2437319.0,"BUSH, GEORGE W.",1384375.0,16467.0,Tennessee,52299.0,1452.0,5910809.0,-347898.0,0,0,0,0,455973353.78,501084920.73,0.563,4328446.0,-0.14273798382567074
2004,"KERRY, JOHN",2832704.0,7410749.0,"BUSH, GEORGE W.",4526917.0,51128.0,Texas,56867.0,754.0,22394023.0,-1694213.0,0,0,0,0,455973353.78,501084920.73,0.537,13796256.0,-0.22861562306320185
2004,"KERRY, JOHN",241199.0,927844.0,"BUSH, GEORGE W.",663742.0,22903.0,Utah,69881.0,1273.0,2401580.0,-422543.0,0,0,0,0,455973353.78,501084920.73,0.589,1574463.0,-0.45540306344601034
2004,"KERRY, JOHN",184067.0,312309.0,"BUSH, GEORGE W.",121180.0,7062.0,Vermont,65016.0,1745.0,619920.0,62887.0,1,0,0,0,455973353.78,501084920.73,0.663,470754.0,0.20136147213176694
2004,"KERRY, JOHN",1454742.0,3195415.0,"BUSH, GEORGE W.",1716959.0,23714.0,Virginia,70252.0,1533.0,7475575.0,-262217.0,0,0,0,0,455973353.78,501084920.73,0.606,5277156.0,-0.08206038965204833
2004,"KERRY, JOHN",1510201.0,2859084.0,"BUSH, GEORGE W.",1304894.0,43989.0,Washington,68578.0,1467.0,6178645.0,205307.0,1,0,0,0,455973353.78,501084920.73,0.669,4272914.0,0.07180866319422584
2004,"KERRY, JOHN",326541.0,755792.0,"BUSH, GEORGE W.",423778.0,5473.0,West Virginia,45844.0,1611.0,1816438.0,-97237.0,0,0,0,0,455973353.78,501084920.73,0.541,1396545.0,-0.12865576772445328
2004,"KERRY, JOHN",1489504.0,2997007.0,"BUSH, GEORGE W.",1478120.0,29383.0,Wisconsin,62822.0,1837.0,5514026.0,11384.0,1,0,0,0,455973353.78,501084920.73,0.748,4006948.0,0.0037984562598619223
2004,"KERRY, JOHN",70776.0,243861.0,"BUSH, GEORGE W.",167629.0,5456.0,Wyoming,62362.0,1574.0,509106.0,-96853.0,0,0,0,0,455973353.78,501084920.73,0.657,370785.0,-0.39716477829583247
2004,"KERRY, JOHN",397190.0,829587.0,"BUSH, GEORGE W.",418690.0,13707.0,Nevada,64844.0,1898.0,2346222.0,-21500.0,0,0,0,0,455973353.78,501084920.73,0.553,1501437.0,-0.025916510263540773
2004,"KERRY, JOHN",149244.0,388215.0,"BUSH, GEORGE W.",232584.0,6387.0,South Dakota,56468.0,1367.0,770396.0,-83340.0,0,0,0,0,455973353.78,501084920.73,0.682,569161.0,-0.21467485800394112
2004,"KERRY, JOHN",254328.0,778186.0,"BUSH, GEORGE W.",512814.0,11044.0,Nebraska,60149.0,1830.0,1749370.0,-258486.0,0,0,0,0,455973353.78,501084920.73,0.629,1236522.0,-0.33216480378726937
2004,"KERRY, JOHN",693933.0,1883415.0,"BUSH, GEORGE W.",1176394.0,13088.0,Alabama,50317.0,1790.0,4530729.0,-482461.0,0,0,0,0,455973353.78,501084920.73,0.572,3292608.0,-0.25616287435323604
2004,"KERRY, JOHN",1259171.0,2731364.0,"BUSH, GEORGE W.",1455713.0,16480.0,Missouri,57883.0,1474.0,5747741.0,-196542.0,0,0,0,0,455973353.78,501084920.73,0.653,4180960.0,-0.07195745422433626
2004,"KERRY, JOHN",173710.0,450434.0,"BUSH, GEORGE W.",266063.0,10661.0,Montana,46645.0,974.0,930009.0,-92353.0,0,0,0,0,455973353.78,501084920.73,0.644,699114.0,-0.20503114773751538
2004,"KERRY, JOHN",893524.0,2012585.0,"BUSH, GEORGE W.",1104294.0,14767.0,Arizona,60231.0,1570.0,5652404.0,-210770.0,0,0,0,0,455973353.78,501084920.73,0.541,3717055.0,-0.10472601157218205
2004,"KERRY, JOHN",469953.0,1054945.0,"BUSH, GEORGE W.",572898.0,12094.0,Arkansas,48057.0,1365.0,2749686.0,-102945.0,0,0,0,0,455973353.78,501084920.73,0.536,1969208.0,-0.09758328633246283
2004,"KERRY, JOHN",6745485.0,12421353.0,"BUSH, GEORGE W.",5509826.0,166042.0,California,67616.0,907.0,35574576.0,1235659.0,1,0,0,0,455973353.78,501084920.73,0.588,21132533.0,0.09947861557432593
2004,"KERRY, JOHN",1001732.0,2129630.0,"BUSH, GEORGE W.",1101255.0,26643.0,Colorado,69902.0,2184.0,4575013.0,-99523.0,0,0,0,0,455973353.78,501084920.73,0.667,3192647.0,-0.046732531003038084
2004,"KERRY, JOHN",857488.0,1578769.0,"BUSH, GEORGE W.",693826.0,27455.0,Connecticut,75691.0,2264.0,3496094.0,163662.0,1,0,0,0,455973353.78,501084920.73,0.65,2429634.0,0.1036643106116221
2004,"KERRY, JOHN",200152.0,375190.0,"BUSH, GEORGE W.",171660.0,3378.0,Delaware,66005.0,1952.0,830803.0,28492.0,1,0,0,0,455973353.78,501084920.73,0.642,584817.0,0.07594019030357951
2004,"KERRY, JOHN",3583544.0,7609810.0,"BUSH, GEORGE W.",3964522.0,61744.0,Florida,55683.0,868.0,17415318.0,-380978.0,0,0,0,0,455973353.78,501084920.73,0.644,11811921.0,-0.050064062046227174
2004,"KERRY, JOHN",1366149.0,3301875.0,"BUSH, GEORGE W.",1914254.0,21472.0,Georgia,56299.0,849.0,8769252.0,-548105.0,0,0,0,0,455973353.78,501084920.73,0.562,5878186.0,-0.16599810713609692
2004,"KERRY, JOHN",231708.0,429013.0,"BUSH, GEORGE W.",194191.0,3114.0,Hawaii,77259.0,2322.0,1273569.0,37517.0,1,0,0,0,455973353.78,501084920.73,0.482,889540.0,0.08744956446541247
2004,"KERRY, JOHN",181098.0,598376.0,"BUSH, GEORGE W.",409235.0,8043.0,Idaho,60934.0,1905.0,1391802.0,-228137.0,0,0,0,0,455973353.78,501084920.73,0.632,946160.0,-0.3812602778186291
2004,"KERRY, JOHN",111025.0,312598.0,"BUSH, GEORGE W.",190889.0,10684.0,Alaska,75640.0,2845.0,659286.0,-79864.0,0,0,0,0,455973353.78,501084920.73,0.691,452124.0,-0.25548468000435065
2004,"KERRY, JOHN",969011.0,2468002.0,"BUSH, GEORGE W.",1479438.0,19553.0,Indiana,58147.0,1581.0,6233007.0,-510427.0,0,0,0,0,455973353.78,501084920.73,0.548,4504260.0,-0.20681790371320607
2004,"KERRY, JOHN",741898.0,1506908.0,"BUSH, GEORGE W.",751957.0,13053.0,Iowa,59606.0,2089.0,2953635.0,-10059.0,0,0,0,0,455973353.78,501084920.73,0.699,2156389.0,-0.006675258210852952
2004,"KERRY, JOHN",434993.0,1187756.0,"BUSH, GEORGE W.",736456.0,16307.0,Kansas,56412.0,2403.0,2734373.0,-301463.0,0,0,0,0,455973353.78,501084920.73,0.616,1928764.0,-0.2538088630998286
2004,"KERRY, JOHN",712733.0,1795882.0,"BUSH, GEORGE W.",1069439.0,13710.0,Kentucky,48917.0,1673.0,4146101.0,-356706.0,0,0,0,0,455973353.78,501084920.73,0.587,3057741.0,-0.19862440850790866
2004,"KERRY, JOHN",820299.0,1943106.0,"BUSH, GEORGE W.",1102169.0,20638.0,Louisiana,50042.0,1708.0,4552238.0,-281870.0,0,0,0,0,455973353.78,501084920.73,0.611,3182762.0,-0.14506156637877707
2004,"KERRY, JOHN",396842.0,740752.0,"BUSH, GEORGE W.",330201.0,13709.0,Maine,56773.0,1680.0,1313688.0,66641.0,1,0,0,0,455973353.78,501084920.73,0.738,1003792.0,0.08996398254746528
2004,"KERRY, JOHN",1334493.0,2384238.0,"BUSH, GEORGE W.",1024703.0,25035.0,Maryland,78442.0,2324.0,5546935.0,309790.0,1,0,0,0,455973353.78,501084920.73,0.629,3797264.0,0.1299324983495775
2004,"KERRY, JOHN",1803800.0,2927455.0,"BUSH, GEORGE W.",1071109.0,52546.0,Massachusetts,71458.0,2290.0,6412281.0,732691.0,1,0,0,0,455973353.78,501084920.73,0.642,4533859.0,0.2502825833360376
2004,"KERRY, JOHN",2479183.0,4839252.0,"BUSH, GEORGE W.",2313746.0,46323.0,Michigan,58047.0,1179.0,10055315.0,165437.0,1,0,0,0,455973353.78,501084920.73,0.666,7263024.0,0.034186481712463
2004,"KERRY, JOHN",1445014.0,2828387.0,"BUSH, GEORGE W.",1346695.0,36678.0,Minnesota,77070.0,1470.0,5087713.0,98319.0,1,0,0,0,455973353.78,501084920.73,0.784,3609185.0,0.0347615089448509
2004,"KERRY, JOHN",457766.0,1139824.0,"BUSH, GEORGE W.",672660.0,9398.0,Mississippi,47743.0,1555.0,2889010.0,-214894.0,0,0,0,0,455973353.78,501084920.73,0.557,2068766.0,-0.18853261556170076
2004,"KERRY, JOHN",2891550.0,5274322.0,"BUSH, GEORGE W.",2345946.0,36826.0,Illinois,63296.0,1131.0,12589773.0,545604.0,1,0,0,0,455973353.78,501084920.73,0.615,8576696.0,0.10344533382679329
2008,"OBAMA, BARACK H.",3276363.0,6013272.0,"MCCAIN, JOHN",2655885.0,81024.0,Pennsylvania,61949.0,710.0,12612285.0,620478.0,1,0,1,1,914024285.0,450970741.59,0.636,9457942.0,0.10318475532122943
2008,"OBAMA, BARACK H.",1037291.0,1827864.0,"MCCAIN, JOHN",738475.0,52098.0,Oregon,62341.0,1656.0,3768748.0,298816.0,1,0,1,1,914024285.0,450970741.59,0.677,2700327.0,0.1634782456462844
2008,"OBAMA, BARACK H.",2940044.0,5708350.0,"MCCAIN, JOHN",2677820.0,90486.0,Ohio,56564.0,1022.0,11515391.0,262224.0,1,0,1,1,914024285.0,450970741.59,0.669,8513079.0,0.04593691697250519
2008,"OBAMA, BARACK H.",141278.0,316621.0,"MCCAIN, JOHN",168601.0,6742.0,North Dakota,59815.0,1432.0,657569.0,-27323.0,0,0,1,1,914024285.0,450970741.59,0.627,504762.0,-0.0862956026290107
2008,"OBAMA, BARACK H.",384826.0,710970.0,"MCCAIN, JOHN",316534.0,9610.0,New Hampshire,79754.0,3861.0,1315906.0,68292.0,1,0,1,1,914024285.0,450970741.59,0.717,992226.0,0.0960546858517237
2008,"OBAMA, BARACK H.",4645332.0,7722019.0,"MCCAIN, JOHN",2418323.0,658364.0,New York,60815.0,822.0,19212436.0,2227009.0,1,0,1,1,914024285.0,450970741.59,0.59,12948969.0,0.2883972442958247
2008,"OBAMA, BARACK H.",472422.0,830158.0,"MCCAIN, JOHN",346832.0,10904.0,New Mexico,50741.0,1664.0,2010662.0,125590.0,1,0,1,1,914024285.0,450970741.59,0.609,1362629.0,0.15128445428460607
2008,"OBAMA, BARACK H.",2215422.0,3868237.0,"MCCAIN, JOHN",1613207.0,39608.0,New Jersey,78706.0,2768.0,8711090.0,602215.0,1,0,1,1,914024285.0,450970741.59,0.67,5776527.0,0.1556820329261108
2008,"OBAMA, BARACK H.",296571.0,471766.0,"MCCAIN, JOHN",165391.0,9804.0,Rhode Island,64165.0,2891.0,1055003.0,131180.0,1,0,1,1,914024285.0,450970741.59,0.618,763608.0,0.2780615813772082
2008,"OBAMA, BARACK H.",2142651.0,4310851.0,"MCCAIN, JOHN",2128474.0,39726.0,North Carolina,51739.0,1020.0,9309449.0,14177.0,1,0,1,1,914024285.0,450970741.59,0.655,6584302.0,0.003288677803988122
2008,"OBAMA, BARACK H.",862449.0,1920969.0,"MCCAIN, JOHN",1034896.0,23624.0,South Carolina,50805.0,1351.0,4528996.0,-172447.0,0,0,1,1,914024285.0,450970741.59,0.58,3311044.0,-0.08977083961271629
2008,"OBAMA, BARACK H.",1959532.0,3723260.0,"MCCAIN, JOHN",1725005.0,38723.0,Virginia,74703.0,1744.0,7833496.0,234527.0,1,0,1,1,914024285.0,450970741.59,0.67,5555415.0,0.06298969182920344
2008,"OBAMA, BARACK H.",1087437.0,2599749.0,"MCCAIN, JOHN",1479178.0,33134.0,Tennessee,47848.0,1459.0,6247411.0,-391741.0,0,0,1,1,914024285.0,450970741.59,0.57,4563192.0,-0.15068416220181255
2008,"OBAMA, BARACK H.",3528633.0,8077795.0,"MCCAIN, JOHN",4479328.0,69834.0,Texas,56029.0,812.0,24309039.0,-950695.0,0,0,1,1,914024285.0,450970741.59,0.541,14929810.0,-0.11769239006436781
2008,"OBAMA, BARACK H.",327670.0,952370.0,"MCCAIN, JOHN",596030.0,28670.0,Utah,75369.0,1839.0,2663029.0,-268360.0,0,0,1,1,914024285.0,450970741.59,0.56,1700286.0,-0.28178124048426556
2008,"OBAMA, BARACK H.",219262.0,325046.0,"MCCAIN, JOHN",98974.0,6810.0,Vermont,61110.0,1183.0,624151.0,120288.0,1,0,1,1,914024285.0,450970741.59,0.673,482677.0,0.3700645447105948
2008,"OBAMA, BARACK H.",1750848.0,3036878.0,"MCCAIN, JOHN",1229216.0,56814.0,Washington,68251.0,2436.0,6562231.0,521632.0,1,0,1,1,914024285.0,450970741.59,0.666,4561163.0,0.17176587271533464
2008,"OBAMA, BARACK H.",303857.0,713451.0,"MCCAIN, JOHN",397466.0,12128.0,West Virginia,45790.0,1692.0,1840310.0,-93609.0,0,0,1,1,914024285.0,450970741.59,0.499,1430439.0,-0.13120592724658037
2008,"OBAMA, BARACK H.",1677211.0,2983417.0,"MCCAIN, JOHN",1262393.0,43813.0,Wisconsin,61705.0,1027.0,5640996.0,414818.0,1,0,1,1,914024285.0,450970741.59,0.724,4120694.0,0.13904124029594253
2008,"OBAMA, BARACK H.",82868.0,254904.0,"MCCAIN, JOHN",164958.0,7078.0,Wyoming,64281.0,1901.0,546043.0,-82090.0,0,0,1,1,914024285.0,450970741.59,0.628,405732.0,-0.3220428082729184
2008,"OBAMA, BARACK H.",502496.0,1462661.0,"MCCAIN, JOHN",960165.0,0.0,Oklahoma,55572.0,1122.0,3668976.0,-457669.0,0,0,1,1,914024285.0,450970741.59,0.558,2619121.0,-0.31290162245387004
2008,"OBAMA, BARACK H.",533736.0,967848.0,"MCCAIN, JOHN",412827.0,21285.0,Nevada,65977.0,3203.0,2653630.0,120909.0,1,0,1,1,914024285.0,450970741.59,0.57,1696831.0,0.1249256081533464
2008,"OBAMA, BARACK H.",170924.0,381975.0,"MCCAIN, JOHN",203054.0,7997.0,South Dakota,62188.0,1199.0,799124.0,-32130.0,0,0,1,1,914024285.0,450970741.59,0.647,590720.0,-0.08411545258197527
2008,"OBAMA, BARACK H.",333319.0,801281.0,"MCCAIN, JOHN",452979.0,14983.0,Nebraska,61137.0,1511.0,1796378.0,-119660.0,0,0,1,1,914024285.0,450970741.59,0.629,1274719.0,-0.14933587592866923
2008,"OBAMA, BARACK H.",231667.0,490109.0,"MCCAIN, JOHN",242763.0,15679.0,Montana,51702.0,2126.0,976415.0,-11096.0,0,0,1,1,914024285.0,450970741.59,0.663,741853.0,-0.022639861745040388
2008,"OBAMA, BARACK H.",1441911.0,2925205.0,"MCCAIN, JOHN",1445814.0,37480.0,Missouri,55484.0,1381.0,5923916.0,-3903.0,0,0,1,1,914024285.0,450970741.59,0.676,4327572.0,-0.0013342654617368697
2008,"OBAMA, BARACK H.",813479.0,2099819.0,"MCCAIN, JOHN",1266546.0,19794.0,Alabama,53602.0,1999.0,4718206.0,-453067.0,0,0,1,1,914024285.0,450970741.59,0.608,3454510.0,-0.21576478734595697
2008,"OBAMA, BARACK H.",1034707.0,2293475.0,"MCCAIN, JOHN",1230111.0,28657.0,Arizona,56540.0,1356.0,6280362.0,-195404.0,0,0,1,1,914024285.0,450970741.59,0.567,4046075.0,-0.0851999694786296
2008,"OBAMA, BARACK H.",422310.0,1086617.0,"MCCAIN, JOHN",638017.0,26290.0,Arkansas,47708.0,1439.0,2874554.0,-215707.0,0,0,1,1,914024285.0,450970741.59,0.525,2071563.0,-0.19851244734805365
2008,"OBAMA, BARACK H.",8274473.0,13561900.0,"MCCAIN, JOHN",5011781.0,275646.0,California,68712.0,999.0,36604337.0,3262692.0,1,0,1,1,914024285.0,450970741.59,0.609,22261504.0,0.24057779514669772
2008,"OBAMA, BARACK H.",1288576.0,2401361.0,"MCCAIN, JOHN",1073589.0,39196.0,Colorado,73448.0,2287.0,4889730.0,214987.0,1,0,1,1,914024285.0,450970741.59,0.71,3382959.0,0.08952714731354428
2008,"OBAMA, BARACK H.",997772.0,1646792.0,"MCCAIN, JOHN",629428.0,19592.0,Connecticut,77954.0,3255.0,3545579.0,368344.0,1,0,1,1,914024285.0,450970741.59,0.666,2471082.0,0.22367366370494876
2008,"OBAMA, BARACK H.",255459.0,412412.0,"MCCAIN, JOHN",152374.0,4579.0,Delaware,61105.0,1673.0,883874.0,103085.0,1,0,1,1,914024285.0,450970741.59,0.656,628200.0,0.24995635432528637
2008,"OBAMA, BARACK H.",4282074.0,8390744.0,"MCCAIN, JOHN",4045624.0,63046.0,Florida,54061.0,1034.0,18527305.0,236450.0,1,0,1,1,914024285.0,450970741.59,0.661,12687407.0,0.028179861046886905
2008,"OBAMA, BARACK H.",1844123.0,3924486.0,"MCCAIN, JOHN",2048759.0,31604.0,Georgia,55712.0,1403.0,9504843.0,-204636.0,0,0,1,1,914024285.0,450970741.59,0.625,6281872.0,-0.05214338896864456
2008,"OBAMA, BARACK H.",325871.0,456064.0,"MCCAIN, JOHN",120566.0,9627.0,Hawaii,74144.0,1785.0,1332213.0,205305.0,1,0,1,1,914024285.0,450970741.59,0.488,930067.0,0.45016708181307885
2008,"OBAMA, BARACK H.",236440.0,655122.0,"MCCAIN, JOHN",403012.0,15670.0,Idaho,57150.0,2026.0,1534320.0,-166572.0,0,0,1,1,914024285.0,450970741.59,0.636,1029416.0,-0.2542610384020076
2008,"OBAMA, BARACK H.",123594.0,326197.0,"MCCAIN, JOHN",193841.0,8762.0,Alaska,77119.0,2774.0,687455.0,-70247.0,0,0,1,1,914024285.0,450970741.59,0.68,479429.0,-0.21535145939416978
2008,"OBAMA, BARACK H.",1374039.0,2751054.0,"MCCAIN, JOHN",1345648.0,31367.0,Indiana,56065.0,1428.0,6424806.0,28391.0,1,0,1,1,914024285.0,450970741.59,0.591,4653019.0,0.010320044608357379
2008,"OBAMA, BARACK H.",828940.0,1537123.0,"MCCAIN, JOHN",682379.0,25804.0,Iowa,60430.0,1558.0,3016734.0,146561.0,1,0,1,1,914024285.0,450970741.59,0.694,2216094.0,0.09534760718563186
2008,"OBAMA, BARACK H.",514765.0,1235872.0,"MCCAIN, JOHN",699655.0,21452.0,Kansas,57701.0,1699.0,2808076.0,-184890.0,0,0,1,1,914024285.0,450970741.59,0.62,1991759.0,-0.14960287149478263
2008,"OBAMA, BARACK H.",751985.0,1826620.0,"MCCAIN, JOHN",1048462.0,26173.0,Kentucky,49591.0,979.0,4289878.0,-296477.0,0,0,1,1,914024285.0,450970741.59,0.579,3152629.0,-0.16230907358947128
2008,"OBAMA, BARACK H.",782989.0,1960761.0,"MCCAIN, JOHN",1148275.0,29497.0,Louisiana,47681.0,1791.0,4435586.0,-365286.0,0,0,1,1,914024285.0,450970741.59,0.612,3205794.0,-0.18629807508411275
2008,"OBAMA, BARACK H.",421923.0,731163.0,"MCCAIN, JOHN",295273.0,13967.0,Maine,56918.0,1731.0,1330509.0,126650.0,1,0,1,1,914024285.0,450970741.59,0.706,1036242.0,0.17321718960067728
2008,"OBAMA, BARACK H.",1629467.0,2631596.0,"MCCAIN, JOHN",959862.0,42267.0,Maryland,76784.0,2132.0,5684965.0,669605.0,1,0,1,1,914024285.0,450970741.59,0.67,3925117.0,0.2544482511753324
2008,"OBAMA, BARACK H.",1904097.0,3102995.0,"MCCAIN, JOHN",1108854.0,90044.0,Massachusetts,72697.0,2017.0,6468967.0,795243.0,1,0,1,1,914024285.0,450970741.59,0.668,4612550.0,0.2562823981347053
2008,"OBAMA, BARACK H.",2872579.0,5001596.0,"MCCAIN, JOHN",2048639.0,80378.0,Michigan,60004.0,1391.0,9946889.0,823940.0,1,0,1,1,914024285.0,450970741.59,0.692,7229512.0,0.16473541645506753
2008,"OBAMA, BARACK H.",1573354.0,2910369.0,"MCCAIN, JOHN",1275409.0,61606.0,Minnesota,66195.0,1720.0,5247018.0,297945.0,1,0,1,1,914024285.0,450970741.59,0.778,3740142.0,0.10237361654140764
2008,"OBAMA, BARACK H.",554662.0,1289865.0,"MCCAIN, JOHN",724597.0,10606.0,Mississippi,43924.0,1000.0,2947806.0,-169935.0,0,0,1,1,914024285.0,450970741.59,0.61,2113347.0,-0.13174634554778988
2008,"OBAMA, BARACK H.",3419348.0,5522371.0,"MCCAIN, JOHN",2031179.0,71844.0,Illinois,64181.0,1597.0,12747038.0,1388169.0,1,0,1,1,914024285.0,450970741.59,0.636,8681138.0,0.2513719197786603
2012,"OBAMA, BARACK H.",970488.0,1789270.0,"ROMNEY, MITT",754175.0,64607.0,Oregon,58479.0,2632.0,3900102.0,216313.0,1,1,0,1,853980222.18,544793592.61,0.631,2836101.0,0.1208945547625568
2012,"OBAMA, BARACK H.",2827621.0,5580822.0,"ROMNEY, MITT",2661407.0,91794.0,Ohio,50121.0,1946.0,11550971.0,166214.0,1,1,0,1,853980222.18,544793592.61,0.645,8649495.0,0.02978306779897298
2012,"OBAMA, BARACK H.",124966.0,322932.0,"ROMNEY, MITT",188320.0,9646.0,North Dakota,62987.0,2398.0,702227.0,-63354.0,0,1,0,1,853980222.18,544793592.61,0.598,539164.0,-0.19618371669577497
2012,"OBAMA, BARACK H.",369561.0,710972.0,"ROMNEY, MITT",329918.0,11493.0,New Hampshire,76600.0,2512.0,1324677.0,39643.0,1,1,0,1,853980222.18,544793592.61,0.702,1013420.0,0.05575887658023101
2012,"OBAMA, BARACK H.",4324228.0,7116784.0,"ROMNEY, MITT",2223397.0,569159.0,New York,53854.0,1790.0,19574362.0,2100831.0,1,1,0,1,853980222.18,544793592.61,0.531,13324107.0,0.2951938684664309
2012,"OBAMA, BARACK H.",415335.0,783758.0,"ROMNEY, MITT",335788.0,32635.0,New Mexico,49047.0,2561.0,2087715.0,79547.0,1,1,0,1,853980222.18,544793592.61,0.546,1436363.0,0.10149433881376649
2012,"OBAMA, BARACK H.",2122786.0,3638499.0,"ROMNEY, MITT",1478088.0,37625.0,New Jersey,75327.0,2214.0,8845671.0,644698.0,1,1,0,1,853980222.18,544793592.61,0.615,5918182.0,0.17718790083493222
2012,"OBAMA, BARACK H.",2990274.0,5742040.0,"ROMNEY, MITT",2680434.0,71332.0,Pennsylvania,58625.0,1587.0,12769123.0,309840.0,1,1,0,1,853980222.18,544793592.61,0.595,9651432.0,0.053959916684662594
2012,"OBAMA, BARACK H.",2178391.0,4505372.0,"ROMNEY, MITT",2270395.0,56586.0,North Carolina,46933.0,1462.0,9751810.0,-92004.0,0,1,0,1,853980222.18,544793592.61,0.648,6947954.0,-0.020420955250753988
2012,"OBAMA, BARACK H.",279677.0,446049.0,"ROMNEY, MITT",157204.0,9168.0,Rhode Island,63324.0,2893.0,1054893.0,122473.0,1,1,0,1,853980222.18,544793592.61,0.58,768918.0,0.27457297292449934
2012,"OBAMA, BARACK H.",199239.0,299290.0,"ROMNEY, MITT",92698.0,7353.0,Vermont,62779.0,3422.0,626361.0,106541.0,1,1,0,1,853980222.18,544793592.61,0.607,493355.0,0.35597915065655383
2012,"OBAMA, BARACK H.",145039.0,363815.0,"ROMNEY, MITT",210610.0,8166.0,South Dakota,55813.0,1926.0,833859.0,-65571.0,0,1,0,1,853980222.18,544793592.61,0.593,613190.0,-0.1802317111718868
2012,"OBAMA, BARACK H.",3308124.0,7993851.0,"ROMNEY, MITT",4569843.0,115884.0,Texas,58649.0,1073.0,26084120.0,-1261719.0,0,1,0,1,853980222.18,544793592.61,0.496,16119973.0,-0.1578361918429553
2012,"OBAMA, BARACK H.",251813.0,1017440.0,"ROMNEY, MITT",740600.0,25027.0,Utah,65895.0,3325.0,2854146.0,-488787.0,0,1,0,1,853980222.18,544793592.61,0.555,1833339.0,-0.4804086727472873
2012,"OBAMA, BARACK H.",1971820.0,3854489.0,"ROMNEY, MITT",1822522.0,60147.0,Virginia,73001.0,2446.0,8187456.0,149298.0,1,1,0,1,853980222.18,544793592.61,0.661,5834676.0,0.038733538998295236
2012,"OBAMA, BARACK H.",1755396.0,3125516.0,"ROMNEY, MITT",1290670.0,79450.0,Washington,70239.0,2540.0,6898599.0,464726.0,1,1,0,1,853980222.18,544793592.61,0.648,4822060.0,0.14868776867563627
2012,"OBAMA, BARACK H.",238269.0,670438.0,"ROMNEY, MITT",417655.0,14514.0,West Virginia,49192.0,3133.0,1857446.0,-179386.0,0,1,0,1,853980222.18,544793592.61,0.463,1447066.0,-0.2675653826304595
2012,"OBAMA, BARACK H.",1620985.0,3071434.0,"ROMNEY, MITT",1410966.0,39483.0,Wisconsin,59952.0,1930.0,5720825.0,210019.0,1,1,0,1,853980222.18,544793592.61,0.729,4209370.0,0.06837815821534828
2012,"OBAMA, BARACK H.",69286.0,250701.0,"ROMNEY, MITT",170962.0,10453.0,Wyoming,64959.0,3185.0,576656.0,-101676.0,0,1,0,1,853980222.18,544793592.61,0.586,425142.0,-0.4055667907188244
2012,"OBAMA, BARACK H.",531373.0,1014918.0,"ROMNEY, MITT",463567.0,19978.0,Nevada,53462.0,2861.0,2744670.0,67806.0,1,1,0,1,853980222.18,544793592.61,0.564,1800969.0,0.06680933829136936
2012,"OBAMA, BARACK H.",865941.0,1964118.0,"ROMNEY, MITT",1071645.0,26532.0,South Carolina,50150.0,2436.0,4719027.0,-205704.0,0,1,0,1,853980222.18,544793592.61,0.563,3486838.0,-0.10473097848499938
2012,"OBAMA, BARACK H.",302081.0,794379.0,"ROMNEY, MITT",475064.0,17234.0,Nebraska,58954.0,3048.0,1853691.0,-172983.0,0,1,0,1,853980222.18,544793592.61,0.603,1316915.0,-0.21775877761119064
2012,"OBAMA, BARACK H.",960709.0,2458577.0,"ROMNEY, MITT",1462330.0,35538.0,Tennessee,48562.0,2719.0,6455752.0,-501621.0,0,1,0,1,853980222.18,544793592.61,0.519,4736084.0,-0.20402899726142398
2012,"OBAMA, BARACK H.",1223796.0,2757323.0,"ROMNEY, MITT",1482440.0,51087.0,Missouri,56208.0,2306.0,6026027.0,-258644.0,0,1,0,1,853980222.18,544793592.61,0.622,4432957.0,-0.09380257590423756
2012,"OBAMA, BARACK H.",795696.0,2074338.0,"ROMNEY, MITT",1255925.0,22717.0,Alabama,49092.0,2856.0,4816632.0,-460229.0,0,1,0,1,853980222.18,544793592.61,0.586,3539217.0,-0.22186789231070347
2012,"OBAMA, BARACK H.",122640.0,300495.0,"ROMNEY, MITT",164676.0,13179.0,Alaska,71889.0,3207.0,730810.0,-42036.0,0,1,0,1,853980222.18,544793592.61,0.587,511792.0,-0.1398891828483003
2012,"OBAMA, BARACK H.",201839.0,484048.0,"ROMNEY, MITT",267928.0,14281.0,Montana,50926.0,2897.0,1004168.0,-66089.0,0,1,0,1,853980222.18,544793592.61,0.625,774476.0,-0.136533980101147
2012,"OBAMA, BARACK H.",1025232.0,2299254.0,"ROMNEY, MITT",1233654.0,40368.0,Arizona,53135.0,3300.0,6556344.0,-208422.0,0,1,0,1,853980222.18,544793592.61,0.526,4387900.0,-0.09064766224175319
2012,"OBAMA, BARACK H.",394409.0,1069468.0,"ROMNEY, MITT",647744.0,27315.0,Arkansas,44070.0,3176.0,2952876.0,-253335.0,0,1,0,1,853980222.18,544793592.61,0.507,2109847.0,-0.23687945782389
2012,"OBAMA, BARACK H.",7854285.0,13038547.0,"ROMNEY, MITT",4839958.0,344304.0,California,64403.0,1398.0,37944551.0,3014327.0,1,1,0,1,853980222.18,544793592.61,0.551,23681837.0,0.23118580620984838
2012,"OBAMA, BARACK H.",1323101.0,2569516.0,"ROMNEY, MITT",1185243.0,61172.0,Colorado,64668.0,3059.0,5193660.0,137858.0,1,1,0,1,853980222.18,544793592.61,0.699,3675871.0,0.05365134912567192
2012,"OBAMA, BARACK H.",905083.0,1558204.0,"ROMNEY, MITT",634892.0,18229.0,Connecticut,72566.0,3222.0,3595211.0,270191.0,1,1,0,1,853980222.18,544793592.61,0.613,2543202.0,0.17339899011939386
2012,"OBAMA, BARACK H.",242584.0,413890.0,"ROMNEY, MITT",165484.0,5822.0,Delaware,55313.0,2232.0,915518.0,77100.0,1,1,0,1,853980222.18,544793592.61,0.623,663967.0,0.18628137911039164
2012,"OBAMA, BARACK H.",4237756.0,8474179.0,"ROMNEY, MITT",4163447.0,72976.0,Florida,52036.0,1254.0,19302016.0,74309.0,1,1,0,1,853980222.18,544793592.61,0.628,13495057.0,0.008768873067231646
2012,"OBAMA, BARACK H.",1773827.0,3897839.0,"ROMNEY, MITT",2078688.0,45324.0,Georgia,54352.0,1699.0,9903580.0,-304861.0,0,1,0,1,853980222.18,544793592.61,0.59,6606607.0,-0.07821282510642436
2012,"OBAMA, BARACK H.",306658.0,437159.0,"ROMNEY, MITT",121015.0,9486.0,Hawaii,63548.0,2547.0,1395199.0,185643.0,1,1,0,1,853980222.18,544793592.61,0.442,982902.0,0.4246578476023598
2012,"OBAMA, BARACK H.",443547.0,1334872.0,"ROMNEY, MITT",891325.0,0.0,Oklahoma,54675.0,3186.0,3819320.0,-447778.0,0,1,0,1,853980222.18,544793592.61,0.492,2713268.0,-0.3354463948603312
2012,"OBAMA, BARACK H.",3019512.0,5242014.0,"ROMNEY, MITT",2135216.0,87286.0,Illinois,58437.0,1500.0,12883029.0,884296.0,1,1,0,1,853980222.18,544793592.61,0.589,8899143.0,0.1686939409166019
2012,"OBAMA, BARACK H.",1152887.0,2624534.0,"ROMNEY, MITT",1420543.0,51104.0,Indiana,52135.0,2018.0,6538989.0,-267656.0,0,1,0,1,853980222.18,544793592.61,0.552,4755291.0,-0.10198229476166054
2012,"OBAMA, BARACK H.",822544.0,1582180.0,"ROMNEY, MITT",730617.0,29019.0,Iowa,60362.0,2415.0,3076844.0,91927.0,1,1,0,1,853980222.18,544793592.61,0.703,2251748.0,0.0581014802361299
2012,"OBAMA, BARACK H.",440726.0,1159971.0,"ROMNEY, MITT",692634.0,26611.0,Kansas,56477.0,2047.0,2886024.0,-251908.0,0,1,0,1,853980222.18,544793592.61,0.569,2030686.0,-0.21716749815297107
2012,"OBAMA, BARACK H.",679370.0,1797212.0,"ROMNEY, MITT",1087190.0,30652.0,Kentucky,46406.0,2146.0,4387865.0,-407820.0,0,1,0,1,853980222.18,544793592.61,0.557,3229185.0,-0.22691813764875818
2012,"OBAMA, BARACK H.",809141.0,1994065.0,"ROMNEY, MITT",1152262.0,32662.0,Louisiana,44146.0,1820.0,4602067.0,-343121.0,0,1,0,1,853980222.18,544793592.61,0.602,3311626.0,-0.17207112105172098
2012,"OBAMA, BARACK H.",401306.0,724758.0,"ROMNEY, MITT",292276.0,31176.0,Maine,55523.0,2538.0,1328094.0,109030.0,1,1,0,1,853980222.18,544793592.61,0.682,1046008.0,0.15043642153656805
2012,"OBAMA, BARACK H.",1677844.0,2707327.0,"ROMNEY, MITT",971869.0,57614.0,Maryland,81137.0,2091.0,5888375.0,705975.0,1,1,0,1,853980222.18,544793592.61,0.666,4063582.0,0.26076458440373107
2012,"OBAMA, BARACK H.",1921290.0,3184196.0,"ROMNEY, MITT",1188314.0,74592.0,Massachusetts,71898.0,4262.0,6664269.0,732976.0,1,1,0,1,853980222.18,544793592.61,0.659,4809675.0,0.2301918600488161
2012,"OBAMA, BARACK H.",562949.0,1285584.0,"ROMNEY, MITT",710746.0,11889.0,Mississippi,41385.0,1746.0,2984599.0,-147797.0,0,1,0,1,853980222.18,544793592.61,0.593,2166825.0,-0.1149648719959178
2012,"OBAMA, BARACK H.",1546167.0,2936561.0,"ROMNEY, MITT",1320225.0,70169.0,Minnesota,69796.0,1512.0,5377500.0,225942.0,1,1,0,1,853980222.18,544793592.61,0.76,3861598.0,0.07694102046577612
2012,"OBAMA, BARACK H.",2564569.0,4730961.0,"ROMNEY, MITT",2115256.0,51136.0,Michigan,56491.0,1711.0,9898289.0,449313.0,1,1,0,1,853980222.18,544793592.61,0.647,7312725.0,0.09497288183098529
2012,"OBAMA, BARACK H.",212787.0,652274.0,"ROMNEY, MITT",420911.0,18576.0,Idaho,54127.0,3584.0,1595910.0,-208124.0,0,1,0,1,853980222.18,544793592.61,0.598,1091410.0,-0.3190744993668305
2016,"CLINTON, HILLARY",420375.0,1452992.0,"TRUMP, DONALD J.",949136.0,83481.0,Oklahoma,54950.0,1782.0,3928143.0,-528761.0,0,1,0,0,631459476.81,369934443.86,0.523,2778219.0,-0.3639118453508347
2016,"CLINTON, HILLARY",2394164.0,5496487.0,"TRUMP, DONALD J.",2841005.0,261318.0,Ohio,58232.0,2043.0,11640060.0,-446841.0,0,1,0,0,631459476.81,369934443.86,0.629,8736808.0,-0.08129574399066167
2016,"CLINTON, HILLARY",93758.0,344360.0,"TRUMP, DONALD J.",216794.0,33808.0,North Dakota,64918.0,2470.0,756114.0,-123036.0,0,1,0,0,631459476.81,369934443.86,0.608,566783.0,-0.3572888837263329
2016,"CLINTON, HILLARY",348526.0,744296.0,"TRUMP, DONALD J.",345790.0,49980.0,New Hampshire,82259.0,3142.0,1343694.0,2736.0,1,1,0,0,631459476.81,369934443.86,0.714,1042795.0,0.0036759568773713685
2016,"CLINTON, HILLARY",4379789.0,7802084.0,"TRUMP, DONALD J.",2527142.0,895153.0,New York,66270.0,1516.0,19636391.0,1852647.0,1,1,0,0,631459476.81,369934443.86,0.568,13604645.0,0.23745540294106035
2016,"CLINTON, HILLARY",385234.0,798319.0,"TRUMP, DONALD J.",319667.0,93418.0,New Mexico,52262.0,3194.0,2092555.0,65567.0,1,1,0,0,631459476.81,369934443.86,0.545,1464515.0,0.08213132845391379
2016,"CLINTON, HILLARY",2148278.0,3874046.0,"TRUMP, DONALD J.",1601933.0,123835.0,New Jersey,73854.0,3093.0,8873584.0,546345.0,1,1,0,0,631459476.81,369934443.86,0.644,6013656.0,0.14102697799664743
2016,"CLINTON, HILLARY",1002106.0,2001336.0,"TRUMP, DONALD J.",782403.0,216827.0,Oregon,63787.0,2828.0,4093271.0,219703.0,1,1,0,0,631459476.81,369934443.86,0.662,3024174.0,0.10977816818365332
2016,"CLINTON, HILLARY",2189316.0,4741564.0,"TRUMP, DONALD J.",2362631.0,189617.0,North Carolina,57993.0,1757.0,10161802.0,-173315.0,0,1,0,0,631459476.81,369934443.86,0.645,7352501.0,-0.0365522852797094
2016,"CLINTON, HILLARY",2926441.0,6115402.0,"TRUMP, DONALD J.",2970733.0,218228.0,Pennsylvania,65776.0,2196.0,12788468.0,-44292.0,0,1,0,0,631459476.81,369934443.86,0.636,9691160.0,-0.007242696391831641
2016,"CLINTON, HILLARY",310674.0,1131317.0,"TRUMP, DONALD J.",515211.0,305432.0,Utah,72789.0,2413.0,3044241.0,-204537.0,0,1,0,0,631459476.81,369934443.86,0.568,1991885.0,-0.18079547995831408
2016,"CLINTON, HILLARY",855373.0,2103027.0,"TRUMP, DONALD J.",1155389.0,92265.0,South Carolina,58610.0,3401.0,4963031.0,-300016.0,0,1,0,0,631459476.81,369934443.86,0.567,3709283.0,-0.14265912896030342
2016,"CLINTON, HILLARY",870695.0,2508027.0,"TRUMP, DONALD J.",1522925.0,114407.0,Tennessee,55383.0,1496.0,6651277.0,-652230.0,0,1,0,0,631459476.81,369934443.86,0.511,4909426.0,-0.2600570089556452
2016,"CLINTON, HILLARY",3877868.0,8969226.0,"TRUMP, DONALD J.",4685047.0,406311.0,Texas,62720.0,1518.0,27914064.0,-807179.0,0,1,0,0,631459476.81,369934443.86,0.514,17448910.0,-0.08999427598323423
2016,"CLINTON, HILLARY",539260.0,1125385.0,"TRUMP, DONALD J.",512058.0,74067.0,Nevada,59791.0,2305.0,2919555.0,27202.0,1,1,0,0,631459476.81,369934443.86,0.574,1961587.0,0.02417128360516623
2016,"CLINTON, HILLARY",178573.0,320467.0,"TRUMP, DONALD J.",95369.0,46525.0,Vermont,65623.0,1471.0,624366.0,83204.0,1,1,0,0,631459476.81,369934443.86,0.637,494871.0,0.25963359721905843
2016,"CLINTON, HILLARY",1981473.0,3982752.0,"TRUMP, DONALD J.",1769443.0,231836.0,Virginia,71678.0,2628.0,8417651.0,212030.0,1,1,0,0,631459476.81,369934443.86,0.661,6027152.0,0.053237058194936564
2016,"CLINTON, HILLARY",1742718.0,3317019.0,"TRUMP, DONALD J.",1221747.0,352554.0,Washington,75841.0,2257.0,7299961.0,520971.0,1,1,0,0,631459476.81,369934443.86,0.647,5123020.0,0.1570599987518914
2016,"CLINTON, HILLARY",1382536.0,2976150.0,"TRUMP, DONALD J.",1405284.0,188330.0,Wisconsin,64522.0,1990.0,5775170.0,-22748.0,0,1,0,0,631459476.81,369934443.86,0.695,4285071.0,-0.0076434319506745296
2016,"CLINTON, HILLARY",55973.0,258788.0,"TRUMP, DONALD J.",174419.0,28396.0,Wyoming,62378.0,3368.0,585243.0,-118446.0,0,1,0,0,631459476.81,369934443.86,0.595,429682.0,-0.4576951017821537
2016,"CLINTON, HILLARY",252525.0,464144.0,"TRUMP, DONALD J.",180543.0,31076.0,Rhode Island,66368.0,3050.0,1057816.0,71982.0,1,1,0,0,631459476.81,369934443.86,0.591,786012.0,0.15508549070977973
2016,"CLINTON, HILLARY",284494.0,844227.0,"TRUMP, DONALD J.",495961.0,63772.0,Nebraska,64045.0,2889.0,1906483.0,-211467.0,0,1,0,0,631459476.81,369934443.86,0.628,1343821.0,-0.2504859474999023
2016,"CLINTON, HILLARY",188794.0,713051.0,"TRUMP, DONALD J.",489371.0,34886.0,West Virginia,47843.0,2151.0,1832435.0,-300577.0,0,1,0,0,631459476.81,369934443.86,0.502,1423031.0,-0.42153646793847843
2016,"CLINTON, HILLARY",1071068.0,2808605.0,"TRUMP, DONALD J.",1594511.0,143026.0,Missouri,59344.0,1854.0,6091384.0,-523443.0,0,1,0,0,631459476.81,369934443.86,0.622,4517925.0,-0.18637117002924938
2016,"CLINTON, HILLARY",729547.0,2123372.0,"TRUMP, DONALD J.",1318255.0,75570.0,Alabama,50936.0,2482.0,4866824.0,-588708.0,0,1,0,0,631459476.81,369934443.86,0.588,3609447.0,-0.27725146606435425
2016,"CLINTON, HILLARY",116454.0,318608.0,"TRUMP, DONALD J.",163387.0,38767.0,Alaska,81680.0,4407.0,742575.0,-46933.0,0,1,0,0,631459476.81,369934443.86,0.61,522679.0,-0.147306407874253
2016,"CLINTON, HILLARY",177709.0,494526.0,"TRUMP, DONALD J.",279240.0,37577.0,Montana,61565.0,3107.0,1042137.0,-101531.0,0,1,0,0,631459476.81,369934443.86,0.618,804250.0,-0.20530973093426838
2016,"CLINTON, HILLARY",1161167.0,2573165.0,"TRUMP, DONALD J.",1252401.0,159555.0,Arizona,61592.0,2126.0,6944767.0,-91234.0,0,1,0,0,631459476.81,369934443.86,0.549,4740310.0,-0.03545594627627843
2016,"CLINTON, HILLARY",380494.0,1130635.0,"TRUMP, DONALD J.",684872.0,65269.0,Arkansas,49518.0,2335.0,2991815.0,-304378.0,0,1,0,0,631459476.81,369934443.86,0.528,2140097.0,-0.2692097803446736
2016,"CLINTON, HILLARY",8753788.0,14181595.0,"TRUMP, DONALD J.",4483810.0,943997.0,California,71879.0,1160.0,39149186.0,4269978.0,1,1,0,0,631459476.81,369934443.86,0.565,25104844.0,0.3010929306611844
2016,"CLINTON, HILLARY",1338870.0,2780220.0,"TRUMP, DONALD J.",1202484.0,238866.0,Colorado,76117.0,4449.0,5543844.0,136386.0,1,1,0,0,631459476.81,369934443.86,0.7,3974405.0,0.049055830114163625
2016,"CLINTON, HILLARY",897572.0,1644920.0,"TRUMP, DONALD J.",673215.0,74133.0,Connecticut,81895.0,3672.0,3579830.0,224357.0,1,1,0,0,631459476.81,369934443.86,0.637,2582761.0,0.13639386717895094
2016,"CLINTON, HILLARY",235603.0,441590.0,"TRUMP, DONALD J.",185127.0,20860.0,Delaware,62612.0,3227.0,949989.0,50476.0,1,1,0,0,631459476.81,369934443.86,0.642,691720.0,0.11430512466314907
2016,"CLINTON, HILLARY",4504975.0,9420039.0,"TRUMP, DONALD J.",4617886.0,297178.0,Florida,55202.0,901.0,20627237.0,-112911.0,0,1,0,0,631459476.81,369934443.86,0.645,14601066.0,-0.011986256107856879
2016,"CLINTON, HILLARY",1877963.0,4114732.0,"TRUMP, DONALD J.",2089104.0,147665.0,Georgia,57738.0,1811.0,10308442.0,-211141.0,0,1,0,0,631459476.81,369934443.86,0.591,6959963.0,-0.051313426974101836
2016,"CLINTON, HILLARY",266891.0,437664.0,"TRUMP, DONALD J.",128847.0,41926.0,Hawaii,77807.0,2707.0,1428885.0,138044.0,1,1,0,0,631459476.81,369934443.86,0.423,1012860.0,0.31541090882503475
2016,"CLINTON, HILLARY",117458.0,370093.0,"TRUMP, DONALD J.",227721.0,24914.0,South Dakota,61969.0,3317.0,863693.0,-110263.0,0,1,0,0,631459476.81,369934443.86,0.586,631173.0,-0.29793322219009816
2016,"CLINTON, HILLARY",3090729.0,5536424.0,"TRUMP, DONALD J.",2146015.0,299680.0,Illinois,66215.0,1900.0,12821709.0,944714.0,1,1,0,0,631459476.81,369934443.86,0.622,8985443.0,0.1706361362496803
2016,"CLINTON, HILLARY",189765.0,690255.0,"TRUMP, DONALD J.",409055.0,91435.0,Idaho,61014.0,1360.0,1684036.0,-219290.0,0,1,0,0,631459476.81,369934443.86,0.592,1166706.0,-0.31769418548217687
2016,"CLINTON, HILLARY",2268839.0,4799284.0,"TRUMP, DONALD J.",2279543.0,250902.0,Michigan,61582.0,2058.0,9954117.0,-10704.0,0,1,0,0,631459476.81,369934443.86,0.647,7420628.0,-0.002230332691293118
2016,"CLINTON, HILLARY",485131.0,1209357.0,"TRUMP, DONALD J.",700714.0,23512.0,Mississippi,44332.0,1322.0,2990595.0,-215583.0,0,1,0,0,631459476.81,369934443.86,0.552,2191241.0,-0.1782624981705154
2016,"CLINTON, HILLARY",1995196.0,3378821.0,"TRUMP, DONALD J.",1090893.0,292732.0,Massachusetts,77951.0,3140.0,6827280.0,904303.0,1,1,0,0,631459476.81,369934443.86,0.672,4948028.0,0.2676386230581614
2016,"CLINTON, HILLARY",1677928.0,2781446.0,"TRUMP, DONALD J.",943169.0,160012.0,Maryland,79562.0,2795.0,6007014.0,734759.0,1,1,0,0,631459476.81,369934443.86,0.664,4189616.0,0.26416439506645106
2016,"CLINTON, HILLARY",1367705.0,2944782.0,"TRUMP, DONALD J.",1322949.0,254128.0,Minnesota,75742.0,4363.0,5525360.0,44756.0,1,1,0,0,631459476.81,369934443.86,0.741,3973204.0,0.015198408574896207
2016,"CLINTON, HILLARY",780154.0,2029032.0,"TRUMP, DONALD J.",1178638.0,70240.0,Louisiana,45515.0,1291.0,4681346.0,-398484.0,0,1,0,0,631459476.81,369934443.86,0.6,3384435.0,-0.19639118555054824
2016,"CLINTON, HILLARY",628854.0,1924149.0,"TRUMP, DONALD J.",1202971.0,92324.0,Kentucky,48938.0,2163.0,4440306.0,-574117.0,0,1,0,0,631459476.81,369934443.86,0.586,3282420.0,-0.29837450218252326
2016,"CLINTON, HILLARY",427005.0,1184402.0,"TRUMP, DONALD J.",671018.0,86379.0,Kansas,61279.0,3525.0,2912977.0,-244013.0,0,1,0,0,631459476.81,369934443.86,0.577,2054025.0,-0.20602211073605076
2016,"CLINTON, HILLARY",653669.0,1565580.0,"TRUMP, DONALD J.",800983.0,110928.0,Iowa,63743.0,2679.0,3133210.0,-147314.0,0,1,0,0,631459476.81,369934443.86,0.684,2288536.0,-0.09409547899181134
2016,"CLINTON, HILLARY",1033126.0,2734958.0,"TRUMP, DONALD J.",1557286.0,144546.0,Indiana,60507.0,3103.0,6637898.0,-524160.0,0,1,0,0,631459476.81,369934443.86,0.564,4849937.0,-0.19165193761659227
2016,"CLINTON, HILLARY",357735.0,771892.0,"TRUMP, DONALD J.",335593.0,78564.0,Maine,54857.0,3609.0,1332348.0,22142.0,1,1,0,0,631459476.81,369934443.86,0.707,1058372.0,0.02868536012810082
2020,"BIDEN, JOSEPH R. JR",2608335.0,4549353.0,"TRUMP, DONALD J.",1883274.0,57744.0,New Jersey,85239.0,4164.0,9288994.0,725061.0,1,0,1,0,1073919500.66,808756415.44,0.739,6158999.0,0.15937672895464475
2020,"BIDEN, JOSEPH R. JR",501614.0,923965.0,"TRUMP, DONALD J.",401894.0,20457.0,New Mexico,50822.0,1732.0,2117522.0,99720.0,1,0,1,0,1073919500.66,808756415.44,0.61,1515355.0,0.10792616603442771
2020,"BIDEN, JOSEPH R. JR",5230985.0,8661735.0,"TRUMP, DONALD J.",3244798.0,185952.0,New York,68304.0,2384.0,20201249.0,1986187.0,1,0,1,0,1073919500.66,808756415.44,0.63,13670596.0,0.22930590695743983
2020,"BIDEN, JOSEPH R. JR",2684292.0,5524802.0,"TRUMP, DONALD J.",2758773.0,81737.0,North Carolina,60266.0,1823.0,10439388.0,-74481.0,0,0,1,0,1073919500.66,808756415.44,0.712,7759051.0,-0.01348120710932265
2020,"BIDEN, JOSEPH R. JR",114902.0,361819.0,"TRUMP, DONALD J.",235595.0,11322.0,North Dakota,63657.0,2312.0,779094.0,-120693.0,0,0,1,0,1073919500.66,808756415.44,0.64,565143.0,-0.33357286377995626
2020,"BIDEN, JOSEPH R. JR",2679165.0,5922202.0,"TRUMP, DONALD J.",3154834.0,88203.0,Ohio,60110.0,1577.0,11799448.0,-475669.0,0,0,1,0,1073919500.66,808756415.44,0.668,8859167.0,-0.08031961760169612
2020,"BIDEN, JOSEPH R. JR",503890.0,1560699.0,"TRUMP, DONALD J.",1020280.0,36529.0,Oklahoma,52341.0,1785.0,3959353.0,-516390.0,0,0,1,0,1073919500.66,808756415.44,0.548,2845835.0,-0.3308709751207632
2020,"BIDEN, JOSEPH R. JR",1340383.0,2374321.0,"TRUMP, DONALD J.",958448.0,75490.0,Oregon,76554.0,3465.0,4237256.0,381935.0,1,0,1,0,1073919500.66,808756415.44,0.743,3196425.0,0.1608607260770553
2020,"BIDEN, JOSEPH R. JR",3458229.0,6915283.0,"TRUMP, DONALD J.",3377674.0,79380.0,Pennsylvania,70117.0,3524.0,13002700.0,80555.0,1,0,1,0,1073919500.66,808756415.44,0.707,9781976.0,0.01164883635275664
2020,"BIDEN, JOSEPH R. JR",560282.0,1488289.0,"TRUMP, DONALD J.",865140.0,62867.0,Utah,83670.0,2981.0,3271616.0,-304858.0,0,0,1,0,1073919500.66,808756415.44,0.679,2191487.0,-0.20483790446613528
2020,"BIDEN, JOSEPH R. JR",1091541.0,2514096.0,"TRUMP, DONALD J.",1385103.0,37452.0,South Carolina,60097.0,2037.0,5118425.0,-293562.0,0,0,1,0,1073919500.66,808756415.44,0.64,3926305.0,-0.11676642419382553
2020,"BIDEN, JOSEPH R. JR",150471.0,422609.0,"TRUMP, DONALD J.",261043.0,11095.0,South Dakota,69787.0,4317.0,886667.0,-110572.0,0,0,1,0,1073919500.66,808756415.44,0.652,648104.0,-0.26164137536114945
2020,"BIDEN, JOSEPH R. JR",1143711.0,3053851.0,"TRUMP, DONALD J.",1852475.0,57665.0,Tennessee,54665.0,1803.0,6910840.0,-708764.0,0,0,1,0,1073919500.66,808756415.44,0.596,5124867.0,-0.23208859895260117
2020,"BIDEN, JOSEPH R. JR",5259126.0,11315056.0,"TRUMP, DONALD J.",5890347.0,165583.0,Texas,68093.0,1914.0,29145505.0,-631221.0,0,0,1,0,1073919500.66,808756415.44,0.602,18784280.0,-0.05578593689682137
2020,"BIDEN, JOSEPH R. JR",424921.0,806182.0,"TRUMP, DONALD J.",365654.0,15607.0,New Hampshire,88235.0,3325.0,1377529.0,59267.0,1,0,1,0,1073919500.66,808756415.44,0.746,1079434.0,0.07351565775470055
2020,"BIDEN, JOSEPH R. JR",242820.0,370968.0,"TRUMP, DONALD J.",112704.0,15444.0,Vermont,66902.0,4046.0,643077.0,130116.0,1,0,1,0,1073919500.66,808756415.44,0.735,499884.0,0.3507472342627936
2020,"BIDEN, JOSEPH R. JR",2413568.0,4460524.0,"TRUMP, DONALD J.",1962430.0,84526.0,Virginia,81947.0,3172.0,8631393.0,451138.0,1,0,1,0,1073919500.66,808756415.44,0.72,6196071.0,0.10114013510520288
2020,"BIDEN, JOSEPH R. JR",2369612.0,4087631.0,"TRUMP, DONALD J.",1584651.0,133368.0,Washington,81083.0,3095.0,7705281.0,784961.0,1,0,1,0,1073919500.66,808756415.44,0.752,5437844.0,0.19203323391959792
2020,"BIDEN, JOSEPH R. JR",235984.0,794652.0,"TRUMP, DONALD J.",545382.0,13286.0,West Virginia,51615.0,2177.0,1793716.0,-309398.0,0,0,1,0,1073919500.66,808756415.44,0.57,1394028.0,-0.38935030680096444
2020,"BIDEN, JOSEPH R. JR",1630866.0,3298041.0,"TRUMP, DONALD J.",1610184.0,56991.0,Wisconsin,67094.0,4690.0,5893718.0,20682.0,1,0,1,0,1073919500.66,808756415.44,0.755,4368530.0,0.006270995418189162
2020,"BIDEN, JOSEPH R. JR",73491.0,278503.0,"TRUMP, DONALD J.",193559.0,11453.0,Wyoming,65108.0,2152.0,576851.0,-120068.0,0,0,1,0,1073919500.66,808756415.44,0.642,431364.0,-0.4311192339041231
2020,"BIDEN, JOSEPH R. JR",307486.0,516990.0,"TRUMP, DONALD J.",199922.0,9582.0,Rhode Island,80012.0,3430.0,1097379.0,107564.0,1,0,1,0,1073919500.66,808756415.44,0.647,799642.0,0.20805818294357725
2020,"BIDEN, JOSEPH R. JR",703486.0,1405376.0,"TRUMP, DONALD J.",669890.0,32000.0,Nevada,60956.0,2448.0,3104614.0,33596.0,1,0,1,0,1073919500.66,808756415.44,0.652,2153915.0,0.02390534632724623
2020,"BIDEN, JOSEPH R. JR",1717077.0,3277171.0,"TRUMP, DONALD J.",1484065.0,76029.0,Minnesota,78461.0,3498.0,5706494.0,233012.0,1,0,1,0,1073919500.66,808756415.44,0.796,4118462.0,0.07110156900570645
2020,"BIDEN, JOSEPH R. JR",244786.0,603674.0,"TRUMP, DONALD J.",343602.0,15286.0,Montana,56442.0,2479.0,1084225.0,-98816.0,0,0,1,0,1073919500.66,808756415.44,0.723,837298.0,-0.16369099878411195
2020,"BIDEN, JOSEPH R. JR",849624.0,2323282.0,"TRUMP, DONALD J.",1441170.0,32488.0,Alabama,54393.0,2587.0,5024279.0,-591546.0,0,0,1,0,1073919500.66,808756415.44,0.631,3683055.0,-0.2546165295474247
2020,"BIDEN, JOSEPH R. JR",153778.0,359530.0,"TRUMP, DONALD J.",189951.0,15801.0,Alaska,74476.0,3570.0,733391.0,-36173.0,0,0,1,0,1073919500.66,808756415.44,0.684,525568.0,-0.10061190999360275
2020,"BIDEN, JOSEPH R. JR",1672143.0,3387326.0,"TRUMP, DONALD J.",1661686.0,53497.0,Arizona,66628.0,3534.0,7151502.0,10457.0,1,0,1,0,1073919500.66,808756415.44,0.653,5189000.0,0.0030870958390187423
2020,"BIDEN, JOSEPH R. JR",423932.0,1219069.0,"TRUMP, DONALD J.",760647.0,34490.0,Arkansas,50540.0,1992.0,3011524.0,-336715.0,0,0,1,0,1073919500.66,808756415.44,0.559,2182375.0,-0.27620667903129353
2020,"BIDEN, JOSEPH R. JR",11110250.0,17500881.0,"TRUMP, DONALD J.",6006429.0,384202.0,California,77358.0,1351.0,39538223.0,5103821.0,1,0,1,0,1073919500.66,808756415.44,0.674,25962648.0,0.29163223268588595
2020,"BIDEN, JOSEPH R. JR",1804352.0,3279980.0,"TRUMP, DONALD J.",1364607.0,111021.0,Colorado,82611.0,6144.0,5773714.0,439745.0,1,0,1,0,1073919500.66,808756415.44,0.755,4313054.0,0.13406941505740888
2020,"BIDEN, JOSEPH R. JR",1080831.0,1823857.0,"TRUMP, DONALD J.",714717.0,28309.0,Connecticut,79043.0,3601.0,3605944.0,366114.0,1,0,1,0,1073919500.66,808756415.44,0.701,2603327.0,0.20073613227352802
2020,"BIDEN, JOSEPH R. JR",296268.0,504346.0,"TRUMP, DONALD J.",200603.0,7475.0,Delaware,69132.0,5258.0,989948.0,95665.0,1,0,1,0,1073919500.66,808756415.44,0.7,720531.0,0.18968129022536115
2020,"BIDEN, JOSEPH R. JR",5297045.0,11067456.0,"TRUMP, DONALD J.",5668731.0,101680.0,Florida,57435.0,1766.0,21538187.0,-371686.0,0,0,1,0,1073919500.66,808756415.44,0.712,15551739.0,-0.033583688970617996
2020,"BIDEN, JOSEPH R. JR",2473633.0,4999960.0,"TRUMP, DONALD J.",2461854.0,64473.0,Georgia,58952.0,2080.0,10711908.0,11779.0,1,0,1,0,1073919500.66,808756415.44,0.677,7383562.0,0.0023558188465507726
2020,"BIDEN, JOSEPH R. JR",366130.0,579784.0,"TRUMP, DONALD J.",196864.0,16790.0,Hawaii,80729.0,2487.0,1455271.0,169266.0,1,0,1,0,1073919500.66,808756415.44,0.57,1007920.0,0.2919466559960261
2020,"BIDEN, JOSEPH R. JR",287021.0,868014.0,"TRUMP, DONALD J.",554119.0,26874.0,Idaho,66499.0,1961.0,1839106.0,-267098.0,0,0,1,0,1073919500.66,808756415.44,0.671,1292701.0,-0.3077116267709968
2020,"BIDEN, JOSEPH R. JR",3471915.0,6033743.0,"TRUMP, DONALD J.",2446891.0,114937.0,Illinois,73753.0,2335.0,12812508.0,1025024.0,1,0,1,0,1073919500.66,808756415.44,0.668,9027082.0,0.16988194558502076
2020,"BIDEN, JOSEPH R. JR",1242416.0,3033118.0,"TRUMP, DONALD J.",1729519.0,61183.0,Indiana,66360.0,4086.0,6785528.0,-487103.0,0,0,1,0,1073919500.66,808756415.44,0.607,5000007.0,-0.16059480705992976
2020,"BIDEN, JOSEPH R. JR",759061.0,1700130.0,"TRUMP, DONALD J.",897672.0,43397.0,Iowa,68469.0,3475.0,3190369.0,-138611.0,0,0,1,0,1073919500.66,808756415.44,0.728,2321131.0,-0.08152964773282043
2020,"BIDEN, JOSEPH R. JR",772474.0,2136768.0,"TRUMP, DONALD J.",1326646.0,37648.0,Kentucky,56525.0,2361.0,4505836.0,-554172.0,0,0,1,0,1073919500.66,808756415.44,0.645,3312250.0,-0.259350570581364
2020,"BIDEN, JOSEPH R. JR",856034.0,2148062.0,"TRUMP, DONALD J.",1255776.0,36252.0,Louisiana,50935.0,1637.0,4657757.0,-399742.0,0,0,1,0,1073919500.66,808756415.44,0.637,3373932.0,-0.18609425612482322
2020,"BIDEN, JOSEPH R. JR",435072.0,828305.0,"TRUMP, DONALD J.",360737.0,32496.0,Maine,63440.0,3198.0,1362359.0,74335.0,1,0,1,0,1073919500.66,808756415.44,0.755,1085285.0,0.08974351235354126
2020,"BIDEN, JOSEPH R. JR",1985023.0,3037030.0,"TRUMP, DONALD J.",976414.0,75593.0,Maryland,94384.0,4208.0,6177224.0,1008609.0,1,0,1,0,1073919500.66,808756415.44,0.704,4313416.0,0.3321037329232836
2020,"BIDEN, JOSEPH R. JR",2382202.0,3658005.0,"TRUMP, DONALD J.",1167202.0,108601.0,Massachusetts,86725.0,6349.0,7029917.0,1215000.0,1,0,1,0,1073919500.66,808756415.44,0.716,5072901.0,0.33214826114234397
2020,"BIDEN, JOSEPH R. JR",2804040.0,5539302.0,"TRUMP, DONALD J.",2649852.0,85410.0,Michigan,63829.0,3320.0,10077331.0,154188.0,1,0,1,0,1073919500.66,808756415.44,0.734,7550147.0,0.027835275996867477
2020,"BIDEN, JOSEPH R. JR",539398.0,1313759.0,"TRUMP, DONALD J.",756764.0,17597.0,Mississippi,44966.0,2695.0,2961279.0,-217366.0,0,0,1,0,1073919500.66,808756415.44,0.597,2201950.0,-0.16545348119403938
2020,"BIDEN, JOSEPH R. JR",1253014.0,3025962.0,"TRUMP, DONALD J.",1718736.0,54212.0,Missouri,61901.0,2594.0,6154913.0,-465722.0,0,0,1,0,1073919500.66,808756415.44,0.657,4603060.0,-0.1539087404270113
2020,"BIDEN, JOSEPH R. JR",374583.0,956383.0,"TRUMP, DONALD J.",556846.0,24954.0,Nebraska,72024.0,2409.0,1961504.0,-182263.0,0,0,1,0,1073919500.66,808756415.44,0.691,1383551.0,-0.19057532390266244
2020,"BIDEN, JOSEPH R. JR",570323.0,1372303.0,"TRUMP, DONALD J.",771406.0,30574.0,Kansas,72815.0,3671.0,2937880.0,-201083.0,0,0,1,0,1073919500.66,808756415.44,0.658,2087946.0,-0.1465295929543257
